incident_id,date,state,lga,incident_type,kidnapped,killed,perpetrator,region,source
71,6/20/2024,Kebbi,Jega,Kidnapping,65,22,Boko Haram,North West,Simulated (patterned on media reports)
828,8/12/2022,Kaduna,Igabi,Kidnapping,134,16,Boko Haram,North West,Simulated (patterned on media reports)
232,6/19/2023,Katsina,Funtua,Kidnapping,142,22,Unknown Gunmen,North West,Simulated (patterned on media reports)
589,3/2/2025,Plateau,Langtang North,Bandit Attack,49,32,ISWAP,North Central,Simulated (patterned on media reports)
40,1/23/2024,Kaduna,Birnin Gwari,Kidnapping,136,22,Armed Bandits,North West,Simulated (patterned on media reports)
732,12/12/2025,Yobe,Damaturu,School Abduction,40,15,Unknown Gunmen,North East,Simulated (patterned on media reports)
300,8/23/2023,Nasarawa,Karu,School Abduction,15,6,Unknown Gunmen,North Central,Simulated (patterned on media reports)
111,8/1/2024,Kano,Fagge,Terror Attack,66,31,Boko Haram,North West,Simulated (patterned on media reports)
73,2/23/2025,Imo,Orlu,Kidnapping,45,3,Unknown Gunmen,South East,Simulated (patterned on media reports)
87,8/13/2024,Yobe,Nguru,Terror Attack,80,2,Unknown Gunmen,North East,Simulated (patterned on media reports)
140,6/17/2024,Kano,Fagge,Kidnapping,127,24,Boko Haram,North West,Simulated (patterned on media reports)
534,10/25/2025,Enugu,Nsukka,Kidnapping,21,3,Criminal Syndicate,South East,Simulated (patterned on media reports)
802,3/29/2025,Katsina,Funtua,Bandit Attack,59,40,Unknown Gunmen,North West,Simulated (patterned on media reports)
121,9/10/2022,Borno,Bama,Kidnapping,75,0,Unknown Gunmen,North East,Simulated (patterned on media reports)
712,8/1/2025,Sokoto,Isa,Kidnapping,103,11,Armed Bandits,North West,Simulated (patterned on media reports)
591,9/21/2020,Borno,Monguno,Bandit Attack,35,39,Armed Bandits,North East,Simulated (patterned on media reports)
169,5/2/2020,Sokoto,Isa,Kidnapping,35,21,Armed Bandits,North West,Simulated (patterned on media reports)
423,11/4/2025,Kebbi,Yauri,School Abduction,110,0,ISWAP,North West,Simulated (patterned on media reports)
448,10/28/2021,Sokoto,Wurno,Bandit Attack,73,34,Armed Bandits,North West,Simulated (patterned on media reports)
68,5/8/2021,Kebbi,Yauri,School Abduction,124,19,ISWAP,North West,Simulated (patterned on media reports)
212,12/24/2022,Sokoto,Rabah,School Abduction,58,19,ISWAP,North West,Simulated (patterned on media reports)
742,1/15/2023,Kogi,Ankpa,Terror Attack,4,11,Armed Bandits,North Central,Simulated (patterned on media reports)
689,8/26/2020,Adamawa,Yola North,Bandit Attack,5,23,Unknown Gunmen,North East,Simulated (patterned on media reports)
334,10/10/2024,Kebbi,Argungu,Bandit Attack,42,1,Boko Haram,North West,Simulated (patterned on media reports)
543,5/9/2025,Kano,Tarauni,Kidnapping,146,20,Armed Bandits,North West,Simulated (patterned on media reports)
345,11/10/2025,Kebbi,Birnin Kebbi,Bandit Attack,17,39,Boko Haram,North West,Simulated (patterned on media reports)
31,5/9/2024,Zamfara,Shinkafi,School Abduction,135,3,Boko Haram,North West,Simulated (patterned on media reports)
838,10/6/2024,Sokoto,Illela,Bandit Attack,67,19,Armed Bandits,North West,Simulated (patterned on media reports)
659,4/21/2021,Abia,Aba South,Kidnapping,37,1,Unknown Gunmen,South East,Simulated (patterned on media reports)
523,12/10/2024,Zamfara,Talata Mafara,School Abduction,144,25,Unknown Gunmen,North West,Simulated (patterned on media reports)
261,11/15/2024,Kogi,Lokoja,Kidnapping,25,5,ISWAP,North Central,Simulated (patterned on media reports)
757,8/19/2023,Kano,Fagge,Kidnapping,97,16,ISWAP,North West,Simulated (patterned on media reports)
299,12/5/2020,Adamawa,Numan,School Abduction,42,18,ISWAP,North East,Simulated (patterned on media reports)
532,2/9/2025,Yobe,Potiskum,Kidnapping,143,10,Unknown Gunmen,North East,Simulated (patterned on media reports)
616,7/11/2025,Adamawa,Mubi North,Terror Attack,77,22,Armed Bandits,North East,Simulated (patterned on media reports)
676,2/27/2023,Borno,Dikwa,Terror Attack,78,11,ISWAP,North East,Simulated (patterned on media reports)
24,10/19/2025,Kebbi,Jega,Kidnapping,16,8,ISWAP,North West,Simulated (patterned on media reports)
590,2/1/2021,Kaduna,Kauru,School Abduction,50,9,Boko Haram,North West,Simulated (patterned on media reports)
432,11/29/2023,Katsina,Dutsin-Ma,Kidnapping,48,18,Unknown Gunmen,North West,Simulated (patterned on media reports)
210,6/24/2020,Yobe,Geidam,Terror Attack,5,10,Armed Bandits,North East,Simulated (patterned on media reports)
64,11/30/2021,Katsina,Kankara,Bandit Attack,17,14,Unknown Gunmen,North West,Simulated (patterned on media reports)
240,5/28/2021,Kano,Tarauni,Bandit Attack,53,20,Unknown Gunmen,North West,Simulated (patterned on media reports)
371,6/4/2024,Kwara,Ilorin West,Terror Attack,62,12,Boko Haram,North Central,Simulated (patterned on media reports)
745,11/1/2024,Adamawa,Mubi North,Bandit Attack,20,36,Armed Bandits,North East,Simulated (patterned on media reports)
653,1/29/2022,Katsina,Malumfashi,Terror Attack,21,17,Unknown Gunmen,North West,Simulated (patterned on media reports)
626,7/27/2024,Plateau,Langtang North,Kidnapping,122,14,Unknown Gunmen,North Central,Simulated (patterned on media reports)
216,7/12/2025,Kebbi,Birnin Kebbi,Terror Attack,22,33,ISWAP,North West,Simulated (patterned on media reports)
520,5/12/2024,Anambra,Nnewi North,Kidnapping,40,1,Criminal Syndicate,South East,Simulated (patterned on media reports)
495,10/4/2020,Adamawa,Ganye,Bandit Attack,75,6,Boko Haram,North East,Simulated (patterned on media reports)
833,8/31/2021,Adamawa,Mubi North,School Abduction,136,23,Boko Haram,North East,Simulated (patterned on media reports)
454,6/3/2025,Adamawa,Yola North,Terror Attack,27,17,Boko Haram,North East,Simulated (patterned on media reports)
353,1/11/2020,Borno,Bama,Bandit Attack,78,19,Armed Bandits,North East,Simulated (patterned on media reports)
550,5/17/2023,Borno,Monguno,Kidnapping,88,21,Unknown Gunmen,North East,Simulated (patterned on media reports)
281,3/13/2023,Zamfara,Gusau,Kidnapping,93,10,Boko Haram,North West,Simulated (patterned on media reports)
248,10/17/2023,Kogi,Idah,Kidnapping,25,3,Armed Bandits,North Central,Simulated (patterned on media reports)
214,7/10/2020,Plateau,Langtang North,School Abduction,106,19,Armed Bandits,North Central,Simulated (patterned on media reports)
138,5/27/2024,Zamfara,Shinkafi,Terror Attack,58,27,Unknown Gunmen,North West,Simulated (patterned on media reports)
397,3/14/2024,Katsina,Dutsin-Ma,School Abduction,124,3,ISWAP,North West,Simulated (patterned on media reports)
303,11/17/2024,Adamawa,Mubi North,Terror Attack,31,32,ISWAP,North East,Simulated (patterned on media reports)
544,10/13/2022,Niger,Kontagora,Kidnapping,88,9,Unknown Gunmen,North Central,Simulated (patterned on media reports)
45,12/13/2023,Adamawa,Numan,Terror Attack,21,23,Boko Haram,North East,Simulated (patterned on media reports)
391,7/12/2020,Katsina,Dutsin-Ma,Bandit Attack,46,30,Unknown Gunmen,North West,Simulated (patterned on media reports)
740,2/12/2023,Borno,Dikwa,Terror Attack,6,4,ISWAP,North East,Simulated (patterned on media reports)
449,5/14/2025,Katsina,Kankara,Terror Attack,20,15,Armed Bandits,North West,Simulated (patterned on media reports)
209,8/17/2022,FCT,Kuje,Kidnapping,101,12,ISWAP,North Central,Simulated (patterned on media reports)
199,1/12/2020,Sokoto,Isa,Bandit Attack,63,27,Boko Haram,North West,Simulated (patterned on media reports)
669,8/8/2021,Sokoto,Rabah,Kidnapping,119,20,Armed Bandits,North West,Simulated (patterned on media reports)
517,11/2/2020,Yobe,Geidam,Bandit Attack,30,13,Unknown Gunmen,North East,Simulated (patterned on media reports)
329,8/22/2023,FCT,Abaji,Kidnapping,82,25,Boko Haram,North Central,Simulated (patterned on media reports)
450,7/13/2020,Zamfara,Talata Mafara,School Abduction,108,1,Unknown Gunmen,North West,Simulated (patterned on media reports)
627,7/8/2020,Kaduna,Chikun,School Abduction,56,8,Boko Haram,North West,Simulated (patterned on media reports)
584,6/19/2020,Kebbi,Argungu,Kidnapping,133,7,Armed Bandits,North West,Simulated (patterned on media reports)
827,6/7/2022,Sokoto,Gwadabawa,Kidnapping,46,9,Boko Haram,North West,Simulated (patterned on media reports)
315,2/7/2021,Kebbi,Jega,School Abduction,108,2,Unknown Gunmen,North West,Simulated (patterned on media reports)
137,5/10/2025,Kebbi,Jega,Kidnapping,19,1,Unknown Gunmen,North West,Simulated (patterned on media reports)
844,3/13/2023,Kaduna,Birnin Gwari,Kidnapping,118,15,Boko Haram,North West,Simulated (patterned on media reports)
362,8/3/2022,FCT,Abaji,Kidnapping,85,4,Unknown Gunmen,North Central,Simulated (patterned on media reports)
494,7/6/2020,Kebbi,Jega,Terror Attack,23,14,Boko Haram,North West,Simulated (patterned on media reports)
61,2/13/2024,Kwara,Omu-Aran,Terror Attack,29,29,ISWAP,North Central,Simulated (patterned on media reports)
665,9/8/2024,Kebbi,Zuru,Terror Attack,4,19,ISWAP,North West,Simulated (patterned on media reports)
526,5/27/2023,Katsina,Daura,Terror Attack,66,15,Armed Bandits,North West,Simulated (patterned on media reports)
175,2/17/2024,Zamfara,Bungudu,Bandit Attack,79,26,Armed Bandits,North West,Simulated (patterned on media reports)
537,10/17/2020,Benue,Makurdi,School Abduction,39,22,Boko Haram,North Central,Simulated (patterned on media reports)
67,6/22/2020,Niger,Suleja,Terror Attack,31,16,Boko Haram,North Central,Simulated (patterned on media reports)
821,10/1/2023,Katsina,Malumfashi,Kidnapping,51,18,Armed Bandits,North West,Simulated (patterned on media reports)
778,5/31/2020,Yobe,Nguru,Terror Attack,13,18,ISWAP,North East,Simulated (patterned on media reports)
382,2/3/2024,Katsina,Funtua,Bandit Attack,35,27,Boko Haram,North West,Simulated (patterned on media reports)
486,9/23/2020,Niger,Rafi,Kidnapping,92,19,Boko Haram,North Central,Simulated (patterned on media reports)
219,6/11/2020,Nasarawa,Keffi,School Abduction,47,2,ISWAP,North Central,Simulated (patterned on media reports)
576,10/4/2024,Kaduna,Kauru,Bandit Attack,77,37,Boko Haram,North West,Simulated (patterned on media reports)
347,10/11/2021,Zamfara,Anka,Kidnapping,50,22,ISWAP,North West,Simulated (patterned on media reports)
546,10/1/2020,Kebbi,Birnin Kebbi,Bandit Attack,68,2,ISWAP,North West,Simulated (patterned on media reports)
801,5/31/2020,Kaduna,Kauru,Kidnapping,90,4,Armed Bandits,North West,Simulated (patterned on media reports)
810,3/5/2022,Adamawa,Ganye,Kidnapping,29,22,ISWAP,North East,Simulated (patterned on media reports)
779,3/9/2025,Sokoto,Gwadabawa,Kidnapping,79,11,Unknown Gunmen,North West,Simulated (patterned on media reports)
399,10/15/2022,Kebbi,Argungu,School Abduction,99,0,Boko Haram,North West,Simulated (patterned on media reports)
77,6/12/2023,Borno,Bama,Bandit Attack,48,15,Armed Bandits,North East,Simulated (patterned on media reports)
197,2/20/2020,Abia,Arochukwu,Kidnapping,13,3,Unknown Gunmen,South East,Simulated (patterned on media reports)
632,4/8/2025,Kano,Nassarawa,Terror Attack,70,3,Boko Haram,North West,Simulated (patterned on media reports)
752,4/21/2023,Sokoto,Rabah,Kidnapping,60,1,Armed Bandits,North West,Simulated (patterned on media reports)
571,2/23/2022,Kwara,Patigi,School Abduction,107,23,ISWAP,North Central,Simulated (patterned on media reports)
406,2/13/2020,Kebbi,Zuru,School Abduction,48,24,Boko Haram,North West,Simulated (patterned on media reports)
513,1/23/2025,Kebbi,Zuru,Bandit Attack,29,32,Unknown Gunmen,North West,Simulated (patterned on media reports)
339,3/9/2020,Kogi,Okene,Bandit Attack,47,35,Unknown Gunmen,North Central,Simulated (patterned on media reports)
896,6/4/2022,Yobe,Potiskum,Bandit Attack,45,33,Unknown Gunmen,North East,Simulated (patterned on media reports)
228,2/4/2020,Sokoto,Illela,Bandit Attack,20,2,Armed Bandits,North West,Simulated (patterned on media reports)
670,3/26/2020,Kwara,Omu-Aran,Kidnapping,149,6,ISWAP,North Central,Simulated (patterned on media reports)
205,12/14/2023,Nasarawa,Karu,Bandit Attack,10,6,Boko Haram,North Central,Simulated (patterned on media reports)
746,3/31/2022,Sokoto,Rabah,School Abduction,146,18,Armed Bandits,North West,Simulated (patterned on media reports)
193,8/16/2020,Benue,Gboko,Kidnapping,132,12,ISWAP,North Central,Simulated (patterned on media reports)
875,6/23/2025,Sokoto,Gwadabawa,Kidnapping,10,24,ISWAP,North West,Simulated (patterned on media reports)
795,1/31/2023,Borno,Gwoza,Kidnapping,99,1,Armed Bandits,North East,Simulated (patterned on media reports)
775,11/9/2025,Zamfara,Bungudu,Terror Attack,34,2,Armed Bandits,North West,Simulated (patterned on media reports)
482,9/24/2023,Sokoto,Isa,Bandit Attack,1,18,Armed Bandits,North West,Simulated (patterned on media reports)
835,11/28/2022,Kaduna,Zaria,Terror Attack,56,5,Armed Bandits,North West,Simulated (patterned on media reports)
466,1/19/2024,Adamawa,Yola North,School Abduction,137,6,Unknown Gunmen,North East,Simulated (patterned on media reports)
808,4/30/2023,Sokoto,Isa,Terror Attack,18,39,Armed Bandits,North West,Simulated (patterned on media reports)
886,7/21/2025,Kano,Dawakin Tofa,School Abduction,120,12,Boko Haram,North West,Simulated (patterned on media reports)
97,7/6/2020,Kebbi,Birnin Kebbi,Kidnapping,121,18,Armed Bandits,North West,Simulated (patterned on media reports)
892,9/7/2025,Kaduna,Chikun,School Abduction,101,11,Boko Haram,North West,Simulated (patterned on media reports)
327,3/4/2024,Katsina,Kankara,Terror Attack,70,4,Armed Bandits,North West,Simulated (patterned on media reports)
295,1/30/2022,Nasarawa,Keffi,School Abduction,52,16,ISWAP,North Central,Simulated (patterned on media reports)
211,6/28/2022,Yobe,Potiskum,School Abduction,131,7,Boko Haram,North East,Simulated (patterned on media reports)
441,3/8/2024,Borno,Gwoza,Kidnapping,134,6,Boko Haram,North East,Simulated (patterned on media reports)
784,6/30/2025,Plateau,Langtang North,Kidnapping,16,10,Unknown Gunmen,North Central,Simulated (patterned on media reports)
79,1/5/2020,Yobe,Machina,Kidnapping,108,12,Unknown Gunmen,North East,Simulated (patterned on media reports)
266,12/26/2023,Kaduna,Birnin Gwari,School Abduction,90,19,ISWAP,North West,Simulated (patterned on media reports)
830,10/25/2024,Sokoto,Wurno,Bandit Attack,46,12,ISWAP,North West,Simulated (patterned on media reports)
429,9/24/2025,Kaduna,Kauru,Terror Attack,76,13,Armed Bandits,North West,Simulated (patterned on media reports)
142,2/28/2020,Nasarawa,Karu,Bandit Attack,71,30,ISWAP,North Central,Simulated (patterned on media reports)
583,3/16/2020,Plateau,Mangu,Kidnapping,137,2,ISWAP,North Central,Simulated (patterned on media reports)
744,6/23/2024,Zamfara,Gusau,School Abduction,23,25,Boko Haram,North West,Simulated (patterned on media reports)
364,8/23/2023,Kebbi,Argungu,Bandit Attack,68,38,Unknown Gunmen,North West,Simulated (patterned on media reports)
66,11/30/2021,Kebbi,Yauri,Terror Attack,5,4,Unknown Gunmen,North West,Simulated (patterned on media reports)
790,11/29/2023,Borno,Dikwa,Terror Attack,39,5,Armed Bandits,North East,Simulated (patterned on media reports)
292,10/27/2024,Kaduna,Birnin Gwari,Terror Attack,17,29,Unknown Gunmen,North West,Simulated (patterned on media reports)
604,7/31/2020,Kano,Nassarawa,Kidnapping,113,0,Boko Haram,North West,Simulated (patterned on media reports)
858,10/14/2022,Anambra,Idemili North,Kidnapping,43,1,Criminal Syndicate,South East,Simulated (patterned on media reports)
487,6/18/2024,Katsina,Kankara,Terror Attack,25,34,Armed Bandits,North West,Simulated (patterned on media reports)
236,11/27/2024,Adamawa,Michika,School Abduction,24,7,Boko Haram,North East,Simulated (patterned on media reports)
251,6/17/2024,Nasarawa,Lafia,Bandit Attack,75,27,Boko Haram,North Central,Simulated (patterned on media reports)
50,10/18/2022,FCT,Bwari,Terror Attack,50,25,Unknown Gunmen,North Central,Simulated (patterned on media reports)
658,1/12/2025,Sokoto,Rabah,Kidnapping,93,25,ISWAP,North West,Simulated (patterned on media reports)
310,2/8/2025,Katsina,Dutsin-Ma,Terror Attack,54,33,Unknown Gunmen,North West,Simulated (patterned on media reports)
710,6/8/2021,Kano,Nassarawa,Kidnapping,19,20,Boko Haram,North West,Simulated (patterned on media reports)
276,2/21/2022,Enugu,Nsukka,Kidnapping,24,0,Criminal Syndicate,South East,Simulated (patterned on media reports)
895,5/10/2021,Niger,Shiroro,School Abduction,64,0,Armed Bandits,North Central,Simulated (patterned on media reports)
166,9/17/2023,Niger,Kontagora,Kidnapping,124,11,Armed Bandits,North Central,Simulated (patterned on media reports)
514,9/20/2022,Kebbi,Yauri,School Abduction,95,5,ISWAP,North West,Simulated (patterned on media reports)
34,5/12/2022,Yobe,Damaturu,School Abduction,113,22,Boko Haram,North East,Simulated (patterned on media reports)
32,10/19/2025,Zamfara,Talata Mafara,Kidnapping,81,2,ISWAP,North West,Simulated (patterned on media reports)
674,12/16/2022,Yobe,Machina,Bandit Attack,77,29,Armed Bandits,North East,Simulated (patterned on media reports)
405,10/8/2020,Benue,Gboko,Bandit Attack,55,17,Armed Bandits,North Central,Simulated (patterned on media reports)
519,5/15/2022,Nasarawa,Keffi,Bandit Attack,40,15,ISWAP,North Central,Simulated (patterned on media reports)
431,12/16/2025,Kano,Nassarawa,Terror Attack,61,29,Boko Haram,North West,Simulated (patterned on media reports)
110,2/28/2024,Imo,Ideato North,Kidnapping,40,1,Criminal Syndicate,South East,Simulated (patterned on media reports)
78,7/23/2025,Abia,Arochukwu,Kidnapping,29,4,Criminal Syndicate,South East,Simulated (patterned on media reports)
413,5/23/2020,Plateau,Jos South,Terror Attack,5,2,Armed Bandits,North Central,Simulated (patterned on media reports)
313,10/20/2021,Sokoto,Rabah,Terror Attack,56,30,Boko Haram,North West,Simulated (patterned on media reports)
83,1/15/2020,Borno,Monguno,Terror Attack,4,6,ISWAP,North East,Simulated (patterned on media reports)
322,7/17/2025,Sokoto,Gwadabawa,Terror Attack,46,12,Unknown Gunmen,North West,Simulated (patterned on media reports)
650,6/24/2025,Borno,Maiduguri,Bandit Attack,0,18,ISWAP,North East,Simulated (patterned on media reports)
694,5/2/2020,Nasarawa,Keffi,School Abduction,125,6,ISWAP,North Central,Simulated (patterned on media reports)
361,12/25/2022,Zamfara,Talata Mafara,Bandit Attack,34,23,Boko Haram,North West,Simulated (patterned on media reports)
488,10/21/2022,Plateau,Jos South,Bandit Attack,60,18,Armed Bandits,North Central,Simulated (patterned on media reports)
465,9/21/2024,Kwara,Offa,School Abduction,41,6,Unknown Gunmen,North Central,Simulated (patterned on media reports)
6,7/22/2023,Yobe,Damaturu,Terror Attack,58,15,Unknown Gunmen,North East,Simulated (patterned on media reports)
55,6/4/2021,Kaduna,Chikun,Kidnapping,27,13,ISWAP,North West,Simulated (patterned on media reports)
735,9/12/2020,Katsina,Daura,Bandit Attack,18,39,Armed Bandits,North West,Simulated (patterned on media reports)
463,5/15/2025,Zamfara,Shinkafi,Bandit Attack,24,15,Unknown Gunmen,North West,Simulated (patterned on media reports)
324,11/21/2023,Kano,Fagge,School Abduction,59,17,Boko Haram,North West,Simulated (patterned on media reports)
368,9/11/2022,Benue,Otukpo,Kidnapping,136,22,Armed Bandits,North Central,Simulated (patterned on media reports)
98,7/5/2020,Katsina,Malumfashi,Terror Attack,69,8,ISWAP,North West,Simulated (patterned on media reports)
445,4/6/2024,Yobe,Machina,Bandit Attack,50,25,Boko Haram,North East,Simulated (patterned on media reports)
577,12/27/2024,Kogi,Lokoja,Kidnapping,16,6,Armed Bandits,North Central,Simulated (patterned on media reports)
898,4/15/2025,Sokoto,Illela,Bandit Attack,29,4,Armed Bandits,North West,Simulated (patterned on media reports)
579,12/30/2021,Nasarawa,Karu,School Abduction,46,12,Armed Bandits,North Central,Simulated (patterned on media reports)
780,12/15/2024,FCT,Abaji,Terror Attack,69,13,Unknown Gunmen,North Central,Simulated (patterned on media reports)
26,2/27/2024,Kaduna,Kauru,Bandit Attack,73,24,Unknown Gunmen,North West,Simulated (patterned on media reports)
85,4/23/2025,Sokoto,Gwadabawa,School Abduction,96,25,Armed Bandits,North West,Simulated (patterned on media reports)
11,4/5/2023,Kwara,Offa,Kidnapping,124,7,Unknown Gunmen,North Central,Simulated (patterned on media reports)
335,1/22/2024,Zamfara,Gusau,School Abduction,11,14,Armed Bandits,North West,Simulated (patterned on media reports)
245,7/24/2023,Plateau,Mangu,School Abduction,35,15,ISWAP,North Central,Simulated (patterned on media reports)
679,12/11/2024,Adamawa,Yola North,Terror Attack,33,36,ISWAP,North East,Simulated (patterned on media reports)
307,9/2/2023,Kogi,Lokoja,Bandit Attack,44,35,Armed Bandits,North Central,Simulated (patterned on media reports)
592,4/20/2020,Benue,Makurdi,Kidnapping,90,17,Armed Bandits,North Central,Simulated (patterned on media reports)
119,3/16/2023,Borno,Bama,Kidnapping,35,19,Boko Haram,North East,Simulated (patterned on media reports)
291,7/4/2021,Yobe,Damaturu,Kidnapping,61,17,ISWAP,North East,Simulated (patterned on media reports)
317,1/22/2021,Benue,Katsina-Ala,Kidnapping,111,0,Boko Haram,North Central,Simulated (patterned on media reports)
30,10/10/2021,Benue,Gboko,Kidnapping,112,20,Armed Bandits,North Central,Simulated (patterned on media reports)
56,3/10/2025,Borno,Gwoza,Bandit Attack,32,3,Unknown Gunmen,North East,Simulated (patterned on media reports)
418,10/20/2021,Katsina,Malumfashi,Kidnapping,20,7,Boko Haram,North West,Simulated (patterned on media reports)
600,3/22/2020,Kaduna,Kauru,School Abduction,57,9,Armed Bandits,North West,Simulated (patterned on media reports)
851,1/5/2020,Katsina,Malumfashi,School Abduction,78,10,Armed Bandits,North West,Simulated (patterned on media reports)
369,8/24/2021,Kano,Gwale,Kidnapping,61,11,ISWAP,North West,Simulated (patterned on media reports)
82,2/11/2025,Kogi,Lokoja,Bandit Attack,12,34,ISWAP,North Central,Simulated (patterned on media reports)
630,9/7/2021,Kano,Fagge,Terror Attack,80,6,Boko Haram,North West,Simulated (patterned on media reports)
376,7/21/2022,Kogi,Idah,Terror Attack,76,20,Unknown Gunmen,North Central,Simulated (patterned on media reports)
863,3/31/2021,Kogi,Lokoja,Terror Attack,5,40,ISWAP,North Central,Simulated (patterned on media reports)
427,2/18/2025,Kaduna,Birnin Gwari,Bandit Attack,0,31,Boko Haram,North West,Simulated (patterned on media reports)
788,10/9/2023,Kano,Gwale,Kidnapping,127,5,Boko Haram,North West,Simulated (patterned on media reports)
570,2/20/2022,Kogi,Anyigba,School Abduction,111,3,ISWAP,North Central,Simulated (patterned on media reports)
698,3/4/2021,Nasarawa,Lafia,Bandit Attack,74,28,Unknown Gunmen,North Central,Simulated (patterned on media reports)
287,8/27/2020,Kogi,Okene,Kidnapping,24,8,ISWAP,North Central,Simulated (patterned on media reports)
715,7/2/2024,Katsina,Daura,Bandit Attack,70,3,ISWAP,North West,Simulated (patterned on media reports)
540,5/4/2022,Kogi,Ankpa,Kidnapping,107,13,Boko Haram,North Central,Simulated (patterned on media reports)
358,8/20/2025,Kaduna,Birnin Gwari,Kidnapping,48,13,Boko Haram,North West,Simulated (patterned on media reports)
769,4/17/2023,Kebbi,Zuru,School Abduction,36,8,Unknown Gunmen,North West,Simulated (patterned on media reports)
846,5/24/2020,Borno,Bama,Kidnapping,35,4,Armed Bandits,North East,Simulated (patterned on media reports)
719,5/9/2022,Adamawa,Numan,Bandit Attack,50,36,Boko Haram,North East,Simulated (patterned on media reports)
395,4/19/2024,Adamawa,Michika,School Abduction,126,0,ISWAP,North East,Simulated (patterned on media reports)
501,7/29/2020,Kwara,Patigi,School Abduction,99,8,Armed Bandits,North Central,Simulated (patterned on media reports)
366,10/11/2023,Adamawa,Michika,Bandit Attack,15,24,Boko Haram,North East,Simulated (patterned on media reports)
731,10/19/2024,Sokoto,Illela,School Abduction,59,25,ISWAP,North West,Simulated (patterned on media reports)
483,1/6/2023,FCT,Kuje,School Abduction,91,17,Armed Bandits,North Central,Simulated (patterned on media reports)
410,6/17/2024,Adamawa,Mubi North,School Abduction,33,16,Boko Haram,North East,Simulated (patterned on media reports)
474,12/23/2022,Kogi,Anyigba,Terror Attack,60,1,ISWAP,North Central,Simulated (patterned on media reports)
293,8/7/2022,Plateau,Jos South,School Abduction,58,20,Armed Bandits,North Central,Simulated (patterned on media reports)
8,10/23/2023,Kano,Nassarawa,School Abduction,24,5,Boko Haram,North West,Simulated (patterned on media reports)
452,3/11/2024,Kaduna,Birnin Gwari,School Abduction,127,16,Unknown Gunmen,North West,Simulated (patterned on media reports)
156,2/14/2020,Kebbi,Birnin Kebbi,Kidnapping,86,1,Unknown Gunmen,North West,Simulated (patterned on media reports)
352,12/4/2021,Sokoto,Wurno,Bandit Attack,36,0,Boko Haram,North West,Simulated (patterned on media reports)
430,3/23/2022,Kebbi,Argungu,Kidnapping,145,21,Unknown Gunmen,North West,Simulated (patterned on media reports)
102,6/19/2025,Sokoto,Rabah,Bandit Attack,6,14,Armed Bandits,North West,Simulated (patterned on media reports)
200,1/11/2020,Kano,Nassarawa,Terror Attack,30,27,ISWAP,North West,Simulated (patterned on media reports)
614,6/24/2025,Zamfara,Talata Mafara,Bandit Attack,33,0,Armed Bandits,North West,Simulated (patterned on media reports)
529,9/2/2025,Zamfara,Anka,Terror Attack,15,2,Unknown Gunmen,North West,Simulated (patterned on media reports)
816,9/9/2024,Katsina,Dutsin-Ma,Kidnapping,43,22,Unknown Gunmen,North West,Simulated (patterned on media reports)
381,9/6/2021,Kebbi,Birnin Kebbi,School Abduction,113,15,Boko Haram,North West,Simulated (patterned on media reports)
301,11/27/2021,Kaduna,Zaria,Kidnapping,60,11,Armed Bandits,North West,Simulated (patterned on media reports)
417,1/17/2024,Sokoto,Illela,Kidnapping,133,0,ISWAP,North West,Simulated (patterned on media reports)
879,4/16/2021,Katsina,Dutsin-Ma,Terror Attack,8,17,ISWAP,North West,Simulated (patterned on media reports)
320,3/23/2020,Adamawa,Mubi North,School Abduction,53,15,Boko Haram,North East,Simulated (patterned on media reports)
3,9/25/2020,Yobe,Damaturu,Terror Attack,4,8,Boko Haram,North East,Simulated (patterned on media reports)
255,10/6/2024,Adamawa,Mubi North,Kidnapping,95,1,Boko Haram,North East,Simulated (patterned on media reports)
508,12/24/2023,Yobe,Geidam,Kidnapping,102,23,Armed Bandits,North East,Simulated (patterned on media reports)
500,12/21/2021,Kwara,Ilorin West,Terror Attack,24,14,Boko Haram,North Central,Simulated (patterned on media reports)
267,6/18/2020,Kebbi,Yauri,Bandit Attack,46,19,Unknown Gunmen,North West,Simulated (patterned on media reports)
159,10/13/2024,Kogi,Lokoja,Terror Attack,73,27,Boko Haram,North Central,Simulated (patterned on media reports)
522,7/17/2025,Kebbi,Argungu,Bandit Attack,71,23,Armed Bandits,North West,Simulated (patterned on media reports)
837,11/9/2020,Katsina,Daura,Bandit Attack,0,0,Boko Haram,North West,Simulated (patterned on media reports)
568,6/27/2023,Kebbi,Jega,Terror Attack,26,9,Boko Haram,North West,Simulated (patterned on media reports)
333,7/14/2023,Katsina,Kankara,School Abduction,55,20,Unknown Gunmen,North West,Simulated (patterned on media reports)
433,6/18/2025,Kebbi,Argungu,Kidnapping,134,4,Armed Bandits,North West,Simulated (patterned on media reports)
306,3/19/2020,Kebbi,Argungu,Bandit Attack,45,15,Armed Bandits,North West,Simulated (patterned on media reports)
437,3/8/2022,Anambra,Nnewi North,Kidnapping,10,2,Unknown Gunmen,South East,Simulated (patterned on media reports)
527,3/14/2025,Enugu,Oji River,Kidnapping,9,0,Unknown Gunmen,South East,Simulated (patterned on media reports)
409,12/18/2024,Sokoto,Rabah,Bandit Attack,70,28,Armed Bandits,North West,Simulated (patterned on media reports)
894,10/9/2023,Kebbi,Yauri,Terror Attack,56,23,ISWAP,North West,Simulated (patterned on media reports)
360,2/20/2024,Borno,Maiduguri,Kidnapping,134,18,ISWAP,North East,Simulated (patterned on media reports)
586,12/3/2022,Kaduna,Zaria,Bandit Attack,73,7,ISWAP,North West,Simulated (patterned on media reports)
656,7/25/2024,Zamfara,Anka,Kidnapping,16,19,Boko Haram,North West,Simulated (patterned on media reports)
660,7/17/2025,Zamfara,Shinkafi,School Abduction,77,23,Unknown Gunmen,North West,Simulated (patterned on media reports)
213,4/19/2025,Katsina,Funtua,Kidnapping,145,13,ISWAP,North West,Simulated (patterned on media reports)
829,8/27/2020,Yobe,Geidam,Kidnapping,61,7,Boko Haram,North East,Simulated (patterned on media reports)
80,6/15/2021,FCT,Gwagwalada,School Abduction,99,24,Unknown Gunmen,North Central,Simulated (patterned on media reports)
149,1/21/2020,Abia,Ohafia,Kidnapping,6,0,Criminal Syndicate,South East,Simulated (patterned on media reports)
260,2/19/2020,Sokoto,Isa,School Abduction,83,13,Boko Haram,North West,Simulated (patterned on media reports)
595,2/6/2021,Zamfara,Bungudu,Terror Attack,56,23,Boko Haram,North West,Simulated (patterned on media reports)
843,8/15/2021,Sokoto,Illela,School Abduction,25,6,Unknown Gunmen,North West,Simulated (patterned on media reports)
383,1/16/2021,Kano,Fagge,Bandit Attack,72,15,ISWAP,North West,Simulated (patterned on media reports)
484,2/7/2020,Zamfara,Bungudu,Bandit Attack,24,39,Unknown Gunmen,North West,Simulated (patterned on media reports)
134,12/9/2022,Yobe,Nguru,School Abduction,79,10,Armed Bandits,North East,Simulated (patterned on media reports)
469,12/31/2020,Borno,Bama,Bandit Attack,36,25,Armed Bandits,North East,Simulated (patterned on media reports)
549,5/29/2025,Imo,Ideato North,Kidnapping,6,2,Unknown Gunmen,South East,Simulated (patterned on media reports)
507,4/6/2023,Kano,Nassarawa,Terror Attack,76,20,Unknown Gunmen,North West,Simulated (patterned on media reports)
654,10/13/2020,Kogi,Anyigba,Bandit Attack,16,18,Armed Bandits,North Central,Simulated (patterned on media reports)
639,7/30/2021,Yobe,Damaturu,Terror Attack,40,12,Boko Haram,North East,Simulated (patterned on media reports)
753,2/19/2025,Katsina,Daura,Kidnapping,69,3,Armed Bandits,North West,Simulated (patterned on media reports)
282,2/1/2020,Adamawa,Mubi North,School Abduction,79,10,Boko Haram,North East,Simulated (patterned on media reports)
688,1/25/2021,Kebbi,Yauri,School Abduction,25,13,Boko Haram,North West,Simulated (patterned on media reports)
706,9/21/2021,Borno,Monguno,Bandit Attack,65,21,Boko Haram,North East,Simulated (patterned on media reports)
297,6/14/2024,Kano,Gwale,School Abduction,101,3,Unknown Gunmen,North West,Simulated (patterned on media reports)
173,8/11/2024,Nasarawa,Nasarawa Eggon,Kidnapping,46,12,Unknown Gunmen,North Central,Simulated (patterned on media reports)
864,2/25/2020,Imo,Mbaitoli,Kidnapping,45,2,Criminal Syndicate,South East,Simulated (patterned on media reports)
468,6/21/2025,Katsina,Dutsin-Ma,Bandit Attack,6,28,Unknown Gunmen,North West,Simulated (patterned on media reports)
813,10/21/2024,Kano,Fagge,Bandit Attack,37,26,Unknown Gunmen,North West,Simulated (patterned on media reports)
809,4/11/2021,Katsina,Kankara,Bandit Attack,24,33,ISWAP,North West,Simulated (patterned on media reports)
91,3/16/2023,Kogi,Okene,School Abduction,126,18,ISWAP,North Central,Simulated (patterned on media reports)
842,4/15/2021,Kebbi,Jega,Kidnapping,97,21,Unknown Gunmen,North West,Simulated (patterned on media reports)
182,5/21/2025,Benue,Oju,School Abduction,79,10,Boko Haram,North Central,Simulated (patterned on media reports)
862,6/5/2020,Kaduna,Chikun,Kidnapping,45,24,Unknown Gunmen,North West,Simulated (patterned on media reports)
803,12/1/2025,Anambra,Awka South,Kidnapping,44,1,Unknown Gunmen,South East,Simulated (patterned on media reports)
70,11/6/2025,Kwara,Patigi,Bandit Attack,7,37,Boko Haram,North Central,Simulated (patterned on media reports)
132,5/14/2023,Sokoto,Wurno,School Abduction,100,3,Armed Bandits,North West,Simulated (patterned on media reports)
599,1/26/2024,Zamfara,Anka,School Abduction,94,15,Armed Bandits,North West,Simulated (patterned on media reports)
478,4/5/2022,Anambra,Onitsha North,Kidnapping,36,3,Criminal Syndicate,South East,Simulated (patterned on media reports)
136,4/23/2022,Plateau,Bokkos,Terror Attack,73,20,ISWAP,North Central,Simulated (patterned on media reports)
165,7/24/2020,Plateau,Langtang North,Kidnapping,93,2,Unknown Gunmen,North Central,Simulated (patterned on media reports)
29,9/2/2021,Zamfara,Shinkafi,Terror Attack,70,25,ISWAP,North West,Simulated (patterned on media reports)
498,1/13/2024,Nasarawa,Keffi,Kidnapping,56,5,ISWAP,North Central,Simulated (patterned on media reports)
194,3/11/2020,Kaduna,Zaria,Terror Attack,11,0,Unknown Gunmen,North West,Simulated (patterned on media reports)
312,9/22/2023,Zamfara,Talata Mafara,Bandit Attack,63,21,Armed Bandits,North West,Simulated (patterned on media reports)
724,11/3/2023,Zamfara,Shinkafi,Kidnapping,63,11,ISWAP,North West,Simulated (patterned on media reports)
641,8/29/2024,Yobe,Machina,Terror Attack,37,14,Armed Bandits,North East,Simulated (patterned on media reports)
538,12/2/2025,Kebbi,Zuru,Kidnapping,63,23,Armed Bandits,North West,Simulated (patterned on media reports)
141,9/22/2024,Benue,Makurdi,Kidnapping,14,9,Unknown Gunmen,North Central,Simulated (patterned on media reports)
174,4/10/2020,Katsina,Kankara,Terror Attack,16,19,Armed Bandits,North West,Simulated (patterned on media reports)
7,7/14/2021,Kano,Fagge,Kidnapping,74,4,ISWAP,North West,Simulated (patterned on media reports)
582,11/19/2020,Yobe,Geidam,Bandit Attack,16,36,Armed Bandits,North East,Simulated (patterned on media reports)
378,8/6/2023,Enugu,Udi,Kidnapping,15,0,Unknown Gunmen,South East,Simulated (patterned on media reports)
74,8/20/2023,Niger,Kontagora,Terror Attack,57,28,Unknown Gunmen,North Central,Simulated (patterned on media reports)
619,9/10/2025,Katsina,Daura,Terror Attack,63,21,Armed Bandits,North West,Simulated (patterned on media reports)
332,8/5/2022,Borno,Maiduguri,Kidnapping,86,25,Boko Haram,North East,Simulated (patterned on media reports)
887,1/4/2023,Kwara,Offa,Bandit Attack,56,8,ISWAP,North Central,Simulated (patterned on media reports)
146,12/1/2024,Zamfara,Anka,School Abduction,26,10,ISWAP,North West,Simulated (patterned on media reports)
235,6/4/2025,Zamfara,Bungudu,Bandit Attack,27,37,ISWAP,North West,Simulated (patterned on media reports)
221,5/8/2024,Borno,Gwoza,School Abduction,119,2,Armed Bandits,North East,Simulated (patterned on media reports)
585,5/10/2024,Adamawa,Michika,Kidnapping,38,18,Unknown Gunmen,North East,Simulated (patterned on media reports)
804,10/8/2021,Niger,Minna,School Abduction,120,5,Boko Haram,North Central,Simulated (patterned on media reports)
133,5/19/2023,Borno,Gwoza,Kidnapping,27,22,Armed Bandits,North East,Simulated (patterned on media reports)
743,3/6/2025,Kebbi,Zuru,Bandit Attack,22,3,Boko Haram,North West,Simulated (patterned on media reports)
328,1/27/2024,Zamfara,Gusau,Terror Attack,21,3,Armed Bandits,North West,Simulated (patterned on media reports)
186,2/26/2020,Yobe,Machina,Kidnapping,85,7,Boko Haram,North East,Simulated (patterned on media reports)
42,10/13/2020,Kwara,Patigi,School Abduction,101,11,ISWAP,North Central,Simulated (patterned on media reports)
552,4/29/2021,Zamfara,Anka,School Abduction,121,18,Boko Haram,North West,Simulated (patterned on media reports)
109,3/1/2020,Kogi,Okene,Kidnapping,63,16,ISWAP,North Central,Simulated (patterned on media reports)
426,6/25/2021,Kano,Fagge,Kidnapping,19,8,Unknown Gunmen,North West,Simulated (patterned on media reports)
57,7/4/2024,Katsina,Funtua,School Abduction,137,23,Unknown Gunmen,North West,Simulated (patterned on media reports)
603,9/12/2022,Kogi,Anyigba,Kidnapping,59,15,Unknown Gunmen,North Central,Simulated (patterned on media reports)
351,5/29/2021,Katsina,Funtua,Bandit Attack,31,24,ISWAP,North West,Simulated (patterned on media reports)
502,10/21/2024,Sokoto,Illela,Bandit Attack,65,35,ISWAP,North West,Simulated (patterned on media reports)
25,8/24/2022,Niger,Minna,Bandit Attack,46,16,ISWAP,North Central,Simulated (patterned on media reports)
666,12/7/2020,Kebbi,Birnin Kebbi,Terror Attack,34,17,Boko Haram,North West,Simulated (patterned on media reports)
434,12/1/2023,FCT,Bwari,School Abduction,115,4,Armed Bandits,North Central,Simulated (patterned on media reports)
440,3/3/2024,Nasarawa,Nasarawa Eggon,Kidnapping,18,1,Armed Bandits,North Central,Simulated (patterned on media reports)
52,11/8/2022,Plateau,Mangu,Kidnapping,136,24,Boko Haram,North Central,Simulated (patterned on media reports)
412,2/10/2024,Adamawa,Ganye,Terror Attack,34,15,ISWAP,North East,Simulated (patterned on media reports)
824,9/13/2022,Niger,Rafi,School Abduction,119,3,Boko Haram,North Central,Simulated (patterned on media reports)
721,2/24/2024,Kebbi,Zuru,Kidnapping,137,17,Unknown Gunmen,North West,Simulated (patterned on media reports)
265,8/17/2024,Kano,Nassarawa,Bandit Attack,80,21,Unknown Gunmen,North West,Simulated (patterned on media reports)
693,4/14/2023,Kogi,Idah,Bandit Attack,10,40,Boko Haram,North Central,Simulated (patterned on media reports)
618,12/22/2025,FCT,Abuja Municipal,School Abduction,12,25,Boko Haram,North Central,Simulated (patterned on media reports)
704,10/18/2021,Kebbi,Jega,School Abduction,113,25,Boko Haram,North West,Simulated (patterned on media reports)
356,11/10/2022,Kano,Tarauni,Bandit Attack,28,18,Boko Haram,North West,Simulated (patterned on media reports)
19,8/12/2023,Zamfara,Bungudu,Bandit Attack,69,15,Unknown Gunmen,North West,Simulated (patterned on media reports)
845,6/18/2020,Yobe,Geidam,Kidnapping,65,11,Unknown Gunmen,North East,Simulated (patterned on media reports)
343,2/14/2023,Sokoto,Wurno,Kidnapping,132,14,Boko Haram,North West,Simulated (patterned on media reports)
84,10/18/2020,Kaduna,Kauru,Bandit Attack,61,24,ISWAP,North West,Simulated (patterned on media reports)
62,6/19/2022,Enugu,Oji River,Kidnapping,14,1,Criminal Syndicate,South East,Simulated (patterned on media reports)
273,11/5/2025,Niger,Suleja,Bandit Attack,61,37,Boko Haram,North Central,Simulated (patterned on media reports)
286,12/12/2022,Enugu,Udi,Kidnapping,16,4,Unknown Gunmen,South East,Simulated (patterned on media reports)
363,3/8/2025,Borno,Gwoza,School Abduction,91,6,Unknown Gunmen,North East,Simulated (patterned on media reports)
890,9/16/2020,Kogi,Lokoja,Kidnapping,84,11,Boko Haram,North Central,Simulated (patterned on media reports)
13,6/7/2022,Kaduna,Birnin Gwari,Terror Attack,13,2,Unknown Gunmen,North West,Simulated (patterned on media reports)
183,5/7/2024,Kano,Nassarawa,Bandit Attack,69,18,Boko Haram,North West,Simulated (patterned on media reports)
389,9/1/2022,Sokoto,Wurno,School Abduction,100,12,Armed Bandits,North West,Simulated (patterned on media reports)
722,7/5/2020,Kano,Dawakin Tofa,Kidnapping,141,11,Armed Bandits,North West,Simulated (patterned on media reports)
224,11/22/2022,Kano,Tarauni,Terror Attack,57,33,Boko Haram,North West,Simulated (patterned on media reports)
559,10/13/2023,Kwara,Ilorin West,Bandit Attack,20,32,ISWAP,North Central,Simulated (patterned on media reports)
634,6/23/2024,Katsina,Daura,Kidnapping,95,14,Armed Bandits,North West,Simulated (patterned on media reports)
645,5/24/2023,Benue,Gboko,Bandit Attack,39,0,ISWAP,North Central,Simulated (patterned on media reports)
531,2/18/2023,Sokoto,Illela,Kidnapping,52,10,ISWAP,North West,Simulated (patterned on media reports)
528,9/6/2023,Nasarawa,Karu,Kidnapping,150,10,Unknown Gunmen,North Central,Simulated (patterned on media reports)
637,5/8/2022,Kwara,Omu-Aran,School Abduction,44,11,Armed Bandits,North Central,Simulated (patterned on media reports)
177,10/28/2023,Nasarawa,Lafia,Terror Attack,3,17,Armed Bandits,North Central,Simulated (patterned on media reports)
605,8/9/2023,Kogi,Anyigba,Terror Attack,73,31,Boko Haram,North Central,Simulated (patterned on media reports)
447,8/31/2020,Kaduna,Birnin Gwari,Terror Attack,65,34,Armed Bandits,North West,Simulated (patterned on media reports)
421,6/5/2023,Zamfara,Talata Mafara,Terror Attack,6,25,ISWAP,North West,Simulated (patterned on media reports)
164,11/28/2021,Plateau,Jos South,Terror Attack,4,24,Boko Haram,North Central,Simulated (patterned on media reports)
249,11/21/2022,Anambra,Nnewi North,Kidnapping,19,2,Unknown Gunmen,South East,Simulated (patterned on media reports)
741,8/16/2024,Kano,Nassarawa,Terror Attack,42,5,Boko Haram,North West,Simulated (patterned on media reports)
794,11/25/2024,Zamfara,Talata Mafara,School Abduction,48,15,ISWAP,North West,Simulated (patterned on media reports)
75,3/8/2022,Niger,Suleja,Kidnapping,102,12,Boko Haram,North Central,Simulated (patterned on media reports)
114,7/16/2025,Nasarawa,Lafia,Bandit Attack,30,18,Armed Bandits,North Central,Simulated (patterned on media reports)
515,10/1/2021,Borno,Bama,Bandit Attack,40,18,ISWAP,North East,Simulated (patterned on media reports)
496,12/11/2025,Zamfara,Gusau,School Abduction,66,22,Unknown Gunmen,North West,Simulated (patterned on media reports)
105,10/9/2020,Adamawa,Ganye,School Abduction,57,14,ISWAP,North East,Simulated (patterned on media reports)
115,4/1/2020,Kaduna,Zaria,Bandit Attack,29,40,Armed Bandits,North West,Simulated (patterned on media reports)
451,12/14/2021,Benue,Gboko,School Abduction,58,24,Unknown Gunmen,North Central,Simulated (patterned on media reports)
93,2/21/2024,Kano,Dawakin Tofa,Bandit Attack,11,17,ISWAP,North West,Simulated (patterned on media reports)
798,12/17/2025,Enugu,Nsukka,Kidnapping,31,1,Criminal Syndicate,South East,Simulated (patterned on media reports)
90,9/9/2020,Yobe,Potiskum,Bandit Attack,68,2,Armed Bandits,North East,Simulated (patterned on media reports)
337,11/28/2024,Niger,Minna,Bandit Attack,24,31,Boko Haram,North Central,Simulated (patterned on media reports)
889,10/14/2023,Kaduna,Kauru,School Abduction,148,10,Boko Haram,North West,Simulated (patterned on media reports)
825,7/12/2024,Yobe,Machina,School Abduction,144,25,Unknown Gunmen,North East,Simulated (patterned on media reports)
836,8/5/2025,Katsina,Dutsin-Ma,Terror Attack,16,35,Boko Haram,North West,Simulated (patterned on media reports)
548,11/8/2024,Adamawa,Numan,Terror Attack,64,18,Unknown Gunmen,North East,Simulated (patterned on media reports)
553,4/6/2025,Kebbi,Jega,School Abduction,62,24,ISWAP,North West,Simulated (patterned on media reports)
95,1/6/2023,Kaduna,Chikun,Terror Attack,26,16,Boko Haram,North West,Simulated (patterned on media reports)
12,2/12/2024,Yobe,Geidam,Bandit Attack,57,19,Armed Bandits,North East,Simulated (patterned on media reports)
899,7/13/2020,Zamfara,Shinkafi,Terror Attack,60,29,ISWAP,North West,Simulated (patterned on media reports)
44,10/20/2024,Kano,Nassarawa,School Abduction,80,5,Armed Bandits,North West,Simulated (patterned on media reports)
43,7/28/2021,Zamfara,Bungudu,School Abduction,102,24,Unknown Gunmen,North West,Simulated (patterned on media reports)
330,5/6/2025,Nasarawa,Akwanga,Kidnapping,127,3,Unknown Gunmen,North Central,Simulated (patterned on media reports)
168,7/17/2022,Kaduna,Birnin Gwari,Kidnapping,140,13,Unknown Gunmen,North West,Simulated (patterned on media reports)
786,9/2/2020,Adamawa,Ganye,Bandit Attack,10,15,Unknown Gunmen,North East,Simulated (patterned on media reports)
542,5/14/2023,Katsina,Kankara,Kidnapping,22,17,ISWAP,North West,Simulated (patterned on media reports)
723,7/14/2020,Katsina,Kankara,Terror Attack,52,14,Unknown Gunmen,North West,Simulated (patterned on media reports)
849,12/10/2024,Yobe,Potiskum,Bandit Attack,60,8,ISWAP,North East,Simulated (patterned on media reports)
179,8/17/2022,Plateau,Mangu,Kidnapping,101,11,Unknown Gunmen,North Central,Simulated (patterned on media reports)
588,5/30/2020,Kaduna,Igabi,School Abduction,105,3,ISWAP,North West,Simulated (patterned on media reports)
791,6/19/2021,Enugu,Udi,Kidnapping,8,3,Criminal Syndicate,South East,Simulated (patterned on media reports)
598,3/8/2021,Benue,Oju,Bandit Attack,30,38,ISWAP,North Central,Simulated (patterned on media reports)
178,2/10/2023,Kano,Dawakin Tofa,School Abduction,31,0,ISWAP,North West,Simulated (patterned on media reports)
696,12/23/2025,Benue,Gboko,Kidnapping,137,5,Armed Bandits,North Central,Simulated (patterned on media reports)
716,7/5/2024,Borno,Bama,Terror Attack,67,9,Unknown Gunmen,North East,Simulated (patterned on media reports)
718,12/5/2021,Kogi,Lokoja,Bandit Attack,18,7,Boko Haram,North Central,Simulated (patterned on media reports)
384,2/9/2021,Kano,Tarauni,School Abduction,130,5,Boko Haram,North West,Simulated (patterned on media reports)
258,3/8/2022,Kwara,Offa,Terror Attack,54,22,Armed Bandits,North Central,Simulated (patterned on media reports)
443,7/24/2020,Katsina,Dutsin-Ma,Bandit Attack,6,40,ISWAP,North West,Simulated (patterned on media reports)
336,7/29/2024,Yobe,Potiskum,Bandit Attack,48,11,Armed Bandits,North East,Simulated (patterned on media reports)
717,9/18/2025,Enugu,Enugu East,Kidnapping,9,0,Criminal Syndicate,South East,Simulated (patterned on media reports)
16,10/30/2020,Zamfara,Shinkafi,Bandit Attack,6,18,Unknown Gunmen,North West,Simulated (patterned on media reports)
4,7/28/2023,FCT,Abaji,Terror Attack,40,24,Armed Bandits,North Central,Simulated (patterned on media reports)
663,3/26/2025,Niger,Rafi,Kidnapping,108,8,ISWAP,North Central,Simulated (patterned on media reports)
257,6/20/2022,Benue,Katsina-Ala,Bandit Attack,23,3,Armed Bandits,North Central,Simulated (patterned on media reports)
457,11/29/2024,Borno,Dikwa,Bandit Attack,33,4,ISWAP,North East,Simulated (patterned on media reports)
479,9/24/2023,Borno,Maiduguri,Terror Attack,64,3,Armed Bandits,North East,Simulated (patterned on media reports)
774,11/3/2023,Kogi,Lokoja,School Abduction,46,20,Boko Haram,North Central,Simulated (patterned on media reports)
394,10/22/2025,Sokoto,Illela,School Abduction,119,21,Armed Bandits,North West,Simulated (patterned on media reports)
223,7/17/2025,Katsina,Daura,Terror Attack,33,3,Armed Bandits,North West,Simulated (patterned on media reports)
530,5/14/2025,Plateau,Mangu,Bandit Attack,8,5,ISWAP,North Central,Simulated (patterned on media reports)
458,3/31/2021,FCT,Abuja Municipal,School Abduction,89,22,Boko Haram,North Central,Simulated (patterned on media reports)
425,8/11/2020,Katsina,Dutsin-Ma,Kidnapping,143,6,Armed Bandits,North West,Simulated (patterned on media reports)
325,7/7/2021,Adamawa,Numan,School Abduction,107,10,ISWAP,North East,Simulated (patterned on media reports)
535,5/21/2021,Plateau,Mangu,Terror Attack,62,27,Boko Haram,North Central,Simulated (patterned on media reports)
10,11/26/2020,Nasarawa,Nasarawa Eggon,Bandit Attack,39,6,Boko Haram,North Central,Simulated (patterned on media reports)
250,3/12/2023,FCT,Gwagwalada,Kidnapping,91,16,Armed Bandits,North Central,Simulated (patterned on media reports)
23,5/1/2021,Yobe,Geidam,Kidnapping,146,2,Boko Haram,North East,Simulated (patterned on media reports)
357,10/27/2021,Sokoto,Gwadabawa,School Abduction,84,25,Boko Haram,North West,Simulated (patterned on media reports)
222,8/2/2024,Kaduna,Zaria,Bandit Attack,11,40,ISWAP,North West,Simulated (patterned on media reports)
606,1/17/2022,Imo,Mbaitoli,Kidnapping,16,4,Criminal Syndicate,South East,Simulated (patterned on media reports)
773,10/12/2023,Plateau,Jos South,School Abduction,138,18,Unknown Gunmen,North Central,Simulated (patterned on media reports)
884,7/21/2022,Kano,Nassarawa,School Abduction,87,18,Unknown Gunmen,North West,Simulated (patterned on media reports)
533,6/28/2025,Adamawa,Numan,Terror Attack,75,29,ISWAP,North East,Simulated (patterned on media reports)
341,8/12/2021,Katsina,Malumfashi,School Abduction,68,7,Unknown Gunmen,North West,Simulated (patterned on media reports)
750,6/29/2020,Yobe,Potiskum,Terror Attack,68,18,ISWAP,North East,Simulated (patterned on media reports)
524,3/25/2022,Plateau,Bokkos,Bandit Attack,53,35,Armed Bandits,North Central,Simulated (patterned on media reports)
204,8/15/2023,Sokoto,Rabah,School Abduction,78,1,Boko Haram,North West,Simulated (patterned on media reports)
238,11/25/2023,Katsina,Kankara,Terror Attack,46,21,ISWAP,North West,Simulated (patterned on media reports)
94,10/9/2022,Kogi,Ankpa,School Abduction,141,3,Boko Haram,North Central,Simulated (patterned on media reports)
539,12/23/2023,Yobe,Machina,Kidnapping,143,15,Armed Bandits,North East,Simulated (patterned on media reports)
446,12/8/2024,Plateau,Jos North,Kidnapping,11,7,Unknown Gunmen,North Central,Simulated (patterned on media reports)
683,2/12/2022,Zamfara,Gusau,Kidnapping,123,24,ISWAP,North West,Simulated (patterned on media reports)
285,1/25/2022,Enugu,Igbo-Etiti,Kidnapping,9,0,Criminal Syndicate,South East,Simulated (patterned on media reports)
185,1/17/2022,Kogi,Lokoja,Kidnapping,107,10,Boko Haram,North Central,Simulated (patterned on media reports)
800,4/23/2025,FCT,Abaji,Terror Attack,46,10,Boko Haram,North Central,Simulated (patterned on media reports)
435,11/24/2021,Borno,Monguno,Terror Attack,54,37,Boko Haram,North East,Simulated (patterned on media reports)
736,3/24/2025,Zamfara,Shinkafi,Terror Attack,4,24,Unknown Gunmen,North West,Simulated (patterned on media reports)
154,6/2/2022,Katsina,Funtua,Bandit Attack,52,40,Unknown Gunmen,North West,Simulated (patterned on media reports)
76,10/10/2023,Borno,Gwoza,School Abduction,19,12,Unknown Gunmen,North East,Simulated (patterned on media reports)
880,3/19/2021,Kaduna,Zaria,Bandit Attack,64,32,ISWAP,North West,Simulated (patterned on media reports)
555,10/2/2025,Imo,Mbaitoli,Kidnapping,16,1,Unknown Gunmen,South East,Simulated (patterned on media reports)
278,4/2/2021,Kano,Fagge,Terror Attack,47,27,ISWAP,North West,Simulated (patterned on media reports)
69,9/6/2024,Kwara,Ilorin South,Kidnapping,24,22,ISWAP,North Central,Simulated (patterned on media reports)
569,12/28/2023,Plateau,Jos North,Terror Attack,80,36,Armed Bandits,North Central,Simulated (patterned on media reports)
189,12/22/2025,Benue,Katsina-Ala,Bandit Attack,54,39,Boko Haram,North Central,Simulated (patterned on media reports)
272,9/23/2024,Sokoto,Gwadabawa,School Abduction,57,0,ISWAP,North West,Simulated (patterned on media reports)
668,3/26/2024,Katsina,Daura,School Abduction,125,24,ISWAP,North West,Simulated (patterned on media reports)
560,12/21/2025,Adamawa,Michika,Bandit Attack,9,14,ISWAP,North East,Simulated (patterned on media reports)
237,7/17/2023,Plateau,Langtang North,School Abduction,29,23,Unknown Gunmen,North Central,Simulated (patterned on media reports)
89,9/9/2022,Kano,Gwale,Kidnapping,9,18,Boko Haram,North West,Simulated (patterned on media reports)
793,7/10/2022,Sokoto,Illela,School Abduction,125,1,Unknown Gunmen,North West,Simulated (patterned on media reports)
118,12/28/2023,Nasarawa,Akwanga,Kidnapping,92,9,Boko Haram,North Central,Simulated (patterned on media reports)
126,2/22/2023,Kano,Dawakin Tofa,Kidnapping,8,20,Boko Haram,North West,Simulated (patterned on media reports)
738,9/23/2024,Kano,Nassarawa,Bandit Attack,42,26,Boko Haram,North West,Simulated (patterned on media reports)
290,10/19/2022,Nasarawa,Akwanga,Kidnapping,99,18,Unknown Gunmen,North Central,Simulated (patterned on media reports)
239,8/2/2023,Zamfara,Bungudu,Terror Attack,58,26,Armed Bandits,North West,Simulated (patterned on media reports)
1,6/14/2023,Kaduna,Kauru,Terror Attack,62,19,Boko Haram,North West,Simulated (patterned on media reports)
891,6/8/2020,Kogi,Anyigba,Kidnapping,34,22,Boko Haram,North Central,Simulated (patterned on media reports)
602,7/8/2025,Kano,Nassarawa,Terror Attack,48,22,Armed Bandits,North West,Simulated (patterned on media reports)
856,12/27/2024,Nasarawa,Nasarawa Eggon,Terror Attack,34,25,Armed Bandits,North Central,Simulated (patterned on media reports)
396,6/20/2021,Borno,Dikwa,Kidnapping,12,16,Unknown Gunmen,North East,Simulated (patterned on media reports)
536,7/9/2025,Yobe,Nguru,Terror Attack,71,36,ISWAP,North East,Simulated (patterned on media reports)
127,12/4/2020,Imo,Owerri Municipal,Kidnapping,20,2,Unknown Gunmen,South East,Simulated (patterned on media reports)
279,8/26/2024,Adamawa,Mubi North,Terror Attack,74,33,Boko Haram,North East,Simulated (patterned on media reports)
697,12/5/2021,Zamfara,Shinkafi,Bandit Attack,58,39,Unknown Gunmen,North West,Simulated (patterned on media reports)
117,12/13/2021,Benue,Makurdi,Kidnapping,128,6,Boko Haram,North Central,Simulated (patterned on media reports)
229,8/28/2023,Zamfara,Talata Mafara,Terror Attack,18,4,ISWAP,North West,Simulated (patterned on media reports)
814,11/15/2025,Nasarawa,Akwanga,Terror Attack,28,7,ISWAP,North Central,Simulated (patterned on media reports)
661,5/18/2022,Kwara,Ilorin South,Terror Attack,16,16,ISWAP,North Central,Simulated (patterned on media reports)
58,4/11/2022,Sokoto,Illela,Terror Attack,38,14,ISWAP,North West,Simulated (patterned on media reports)
785,8/17/2020,Zamfara,Bungudu,Bandit Attack,36,34,ISWAP,North West,Simulated (patterned on media reports)
275,8/16/2023,Adamawa,Mubi North,Kidnapping,101,20,Armed Bandits,North East,Simulated (patterned on media reports)
319,12/29/2025,Kebbi,Zuru,School Abduction,55,15,ISWAP,North West,Simulated (patterned on media reports)
631,2/24/2024,Kebbi,Argungu,Terror Attack,44,4,Boko Haram,North West,Simulated (patterned on media reports)
145,9/29/2023,Enugu,Oji River,Kidnapping,29,4,Criminal Syndicate,South East,Simulated (patterned on media reports)
714,3/15/2021,Borno,Bama,Kidnapping,137,14,Unknown Gunmen,North East,Simulated (patterned on media reports)
596,12/29/2020,Anambra,Awka South,Kidnapping,8,4,Criminal Syndicate,South East,Simulated (patterned on media reports)
817,9/20/2020,Abia,Arochukwu,Kidnapping,33,1,Criminal Syndicate,South East,Simulated (patterned on media reports)
782,2/21/2020,Borno,Bama,Terror Attack,54,12,Armed Bandits,North East,Simulated (patterned on media reports)
370,3/26/2025,Adamawa,Mubi North,School Abduction,20,8,Armed Bandits,North East,Simulated (patterned on media reports)
269,5/13/2020,Sokoto,Wurno,Bandit Attack,30,29,Unknown Gunmen,North West,Simulated (patterned on media reports)
629,7/6/2021,Sokoto,Wurno,Bandit Attack,13,15,Boko Haram,North West,Simulated (patterned on media reports)
308,4/15/2022,Adamawa,Ganye,Kidnapping,123,9,ISWAP,North East,Simulated (patterned on media reports)
424,7/9/2023,Adamawa,Michika,School Abduction,40,8,Boko Haram,North East,Simulated (patterned on media reports)
311,6/24/2021,Kaduna,Kauru,Kidnapping,114,0,Unknown Gunmen,North West,Simulated (patterned on media reports)
355,12/29/2021,Borno,Dikwa,Bandit Attack,27,0,ISWAP,North East,Simulated (patterned on media reports)
47,3/3/2025,FCT,Abuja Municipal,Bandit Attack,36,19,Boko Haram,North Central,Simulated (patterned on media reports)
350,6/29/2022,Kaduna,Zaria,Bandit Attack,24,32,Unknown Gunmen,North West,Simulated (patterned on media reports)
372,12/25/2025,Benue,Makurdi,Terror Attack,15,7,Unknown Gunmen,North Central,Simulated (patterned on media reports)
480,2/16/2023,Borno,Maiduguri,Bandit Attack,47,32,Unknown Gunmen,North East,Simulated (patterned on media reports)
581,3/9/2020,Kaduna,Chikun,School Abduction,25,10,Boko Haram,North West,Simulated (patterned on media reports)
262,9/10/2020,Kaduna,Birnin Gwari,Kidnapping,63,7,ISWAP,North West,Simulated (patterned on media reports)
196,3/13/2023,Nasarawa,Nasarawa Eggon,Terror Attack,78,22,Boko Haram,North Central,Simulated (patterned on media reports)
900,9/20/2021,Kaduna,Igabi,Bandit Attack,24,7,Unknown Gunmen,North West,Simulated (patterned on media reports)
751,2/20/2025,Kaduna,Birnin Gwari,Kidnapping,104,22,Unknown Gunmen,North West,Simulated (patterned on media reports)
108,1/26/2023,Kwara,Ilorin West,School Abduction,112,24,Armed Bandits,North Central,Simulated (patterned on media reports)
876,4/7/2022,Anambra,Awka South,Kidnapping,13,1,Criminal Syndicate,South East,Simulated (patterned on media reports)
60,2/3/2023,Kebbi,Birnin Kebbi,School Abduction,77,11,Boko Haram,North West,Simulated (patterned on media reports)
692,8/30/2020,Kaduna,Birnin Gwari,School Abduction,31,14,Boko Haram,North West,Simulated (patterned on media reports)
264,6/8/2020,Borno,Bama,Kidnapping,57,22,Armed Bandits,North East,Simulated (patterned on media reports)
573,10/22/2024,Katsina,Kankara,Kidnapping,146,16,ISWAP,North West,Simulated (patterned on media reports)
101,1/27/2023,Kogi,Idah,Kidnapping,123,9,Unknown Gunmen,North Central,Simulated (patterned on media reports)
444,11/8/2021,FCT,Gwagwalada,School Abduction,61,1,ISWAP,North Central,Simulated (patterned on media reports)
491,7/28/2023,Katsina,Daura,Bandit Attack,29,33,Unknown Gunmen,North West,Simulated (patterned on media reports)
612,4/18/2023,Yobe,Potiskum,Terror Attack,73,33,Boko Haram,North East,Simulated (patterned on media reports)
807,8/7/2021,Katsina,Dutsin-Ma,Terror Attack,54,35,Unknown Gunmen,North West,Simulated (patterned on media reports)
799,10/15/2023,Kano,Gwale,Kidnapping,71,5,ISWAP,North West,Simulated (patterned on media reports)
170,5/3/2020,Kwara,Ilorin West,Bandit Attack,53,31,ISWAP,North Central,Simulated (patterned on media reports)
180,7/14/2023,FCT,Abuja Municipal,Terror Attack,32,1,ISWAP,North Central,Simulated (patterned on media reports)
305,6/16/2025,Plateau,Jos North,School Abduction,138,22,Unknown Gunmen,North Central,Simulated (patterned on media reports)
342,9/11/2020,Kebbi,Zuru,Bandit Attack,65,14,Armed Bandits,North West,Simulated (patterned on media reports)
868,10/9/2024,Sokoto,Isa,Kidnapping,127,2,ISWAP,North West,Simulated (patterned on media reports)
150,5/27/2020,Sokoto,Gwadabawa,Terror Attack,40,9,ISWAP,North West,Simulated (patterned on media reports)
125,4/5/2023,Benue,Gboko,Kidnapping,67,3,ISWAP,North Central,Simulated (patterned on media reports)
709,7/2/2021,Anambra,Awka South,Kidnapping,9,3,Unknown Gunmen,South East,Simulated (patterned on media reports)
51,4/22/2024,Niger,Shiroro,Kidnapping,98,0,Unknown Gunmen,North Central,Simulated (patterned on media reports)
354,9/7/2025,Zamfara,Gusau,School Abduction,150,15,Unknown Gunmen,North West,Simulated (patterned on media reports)
831,2/10/2025,Zamfara,Talata Mafara,Terror Attack,60,5,ISWAP,North West,Simulated (patterned on media reports)
143,7/29/2021,Niger,Kontagora,Kidnapping,71,17,Unknown Gunmen,North Central,Simulated (patterned on media reports)
471,9/1/2025,Nasarawa,Karu,School Abduction,77,12,Unknown Gunmen,North Central,Simulated (patterned on media reports)
400,10/5/2022,Katsina,Kankara,Kidnapping,56,11,Unknown Gunmen,North West,Simulated (patterned on media reports)
852,5/4/2023,Adamawa,Mubi North,Terror Attack,11,23,Boko Haram,North East,Simulated (patterned on media reports)
321,1/22/2021,Sokoto,Rabah,Terror Attack,56,19,Unknown Gunmen,North West,Simulated (patterned on media reports)
20,7/26/2025,Borno,Gwoza,Bandit Attack,33,32,Boko Haram,North East,Simulated (patterned on media reports)
812,1/26/2020,Anambra,Onitsha North,Kidnapping,33,3,Unknown Gunmen,South East,Simulated (patterned on media reports)
713,11/6/2022,Sokoto,Illela,Kidnapping,112,9,Unknown Gunmen,North West,Simulated (patterned on media reports)
729,1/29/2024,Kebbi,Birnin Kebbi,Kidnapping,132,17,Armed Bandits,North West,Simulated (patterned on media reports)
408,4/3/2024,Benue,Oju,Bandit Attack,63,8,ISWAP,North Central,Simulated (patterned on media reports)
822,9/17/2024,Plateau,Langtang North,School Abduction,46,0,Unknown Gunmen,North Central,Simulated (patterned on media reports)
39,11/24/2025,Adamawa,Michika,Bandit Attack,29,37,Boko Haram,North East,Simulated (patterned on media reports)
176,12/3/2020,Plateau,Mangu,Terror Attack,5,39,Unknown Gunmen,North Central,Simulated (patterned on media reports)
246,6/27/2025,Kebbi,Yauri,School Abduction,66,10,Boko Haram,North West,Simulated (patterned on media reports)
747,8/13/2025,Zamfara,Shinkafi,Terror Attack,79,23,ISWAP,North West,Simulated (patterned on media reports)
607,7/10/2022,Kebbi,Yauri,Terror Attack,59,6,Unknown Gunmen,North West,Simulated (patterned on media reports)
680,2/27/2021,Borno,Gwoza,Terror Attack,38,3,Armed Bandits,North East,Simulated (patterned on media reports)
771,9/27/2021,Borno,Dikwa,School Abduction,77,21,Unknown Gunmen,North East,Simulated (patterned on media reports)
155,10/19/2021,Kebbi,Jega,Bandit Attack,77,1,Unknown Gunmen,North West,Simulated (patterned on media reports)
288,10/19/2025,Katsina,Dutsin-Ma,Bandit Attack,40,0,Unknown Gunmen,North West,Simulated (patterned on media reports)
545,12/8/2021,Kano,Tarauni,Bandit Attack,64,12,Boko Haram,North West,Simulated (patterned on media reports)
18,9/12/2024,Yobe,Potiskum,Kidnapping,68,21,ISWAP,North East,Simulated (patterned on media reports)
128,11/11/2022,Nasarawa,Keffi,Terror Attack,40,9,ISWAP,North Central,Simulated (patterned on media reports)
323,4/29/2022,Adamawa,Yola North,School Abduction,43,21,Armed Bandits,North East,Simulated (patterned on media reports)
256,3/5/2022,Nasarawa,Lafia,School Abduction,135,13,Boko Haram,North Central,Simulated (patterned on media reports)
597,8/29/2024,Zamfara,Gusau,School Abduction,19,12,ISWAP,North West,Simulated (patterned on media reports)
866,9/7/2025,Kogi,Anyigba,School Abduction,77,16,Armed Bandits,North Central,Simulated (patterned on media reports)
191,8/9/2020,Kogi,Okene,Kidnapping,106,14,Armed Bandits,North Central,Simulated (patterned on media reports)
116,4/18/2021,Adamawa,Numan,Terror Attack,55,36,Armed Bandits,North East,Simulated (patterned on media reports)
558,5/26/2021,Zamfara,Bungudu,School Abduction,52,7,Armed Bandits,North West,Simulated (patterned on media reports)
181,5/21/2021,Plateau,Jos North,Kidnapping,71,1,Armed Bandits,North Central,Simulated (patterned on media reports)
302,9/24/2021,Kaduna,Kauru,Bandit Attack,57,23,Armed Bandits,North West,Simulated (patterned on media reports)
685,2/5/2025,Borno,Bama,Kidnapping,111,9,Armed Bandits,North East,Simulated (patterned on media reports)
644,8/13/2021,Sokoto,Gwadabawa,Terror Attack,43,38,Boko Haram,North West,Simulated (patterned on media reports)
733,3/1/2022,Kogi,Lokoja,Terror Attack,45,18,ISWAP,North Central,Simulated (patterned on media reports)
621,10/29/2020,Borno,Bama,School Abduction,101,6,Armed Bandits,North East,Simulated (patterned on media reports)
839,1/15/2021,Kebbi,Zuru,Bandit Attack,12,14,Armed Bandits,North West,Simulated (patterned on media reports)
518,8/25/2025,Kaduna,Igabi,Kidnapping,63,1,ISWAP,North West,Simulated (patterned on media reports)
885,5/19/2022,Benue,Katsina-Ala,Kidnapping,52,11,ISWAP,North Central,Simulated (patterned on media reports)
46,10/19/2023,Anambra,Idemili North,Kidnapping,4,4,Criminal Syndicate,South East,Simulated (patterned on media reports)
815,10/27/2023,Kebbi,Jega,Terror Attack,16,1,Unknown Gunmen,North West,Simulated (patterned on media reports)
158,4/13/2021,Borno,Dikwa,School Abduction,137,21,Unknown Gunmen,North East,Simulated (patterned on media reports)
671,12/5/2025,Kaduna,Birnin Gwari,Bandit Attack,14,2,Unknown Gunmen,North West,Simulated (patterned on media reports)
172,10/27/2024,Yobe,Machina,Bandit Attack,59,38,Unknown Gunmen,North East,Simulated (patterned on media reports)
17,12/19/2020,Niger,Suleja,Terror Attack,42,5,Boko Haram,North Central,Simulated (patterned on media reports)
512,8/17/2022,Sokoto,Illela,School Abduction,62,3,Boko Haram,North West,Simulated (patterned on media reports)
49,10/18/2025,Kwara,Offa,School Abduction,24,16,Boko Haram,North Central,Simulated (patterned on media reports)
883,8/9/2025,Adamawa,Mubi North,Bandit Attack,46,3,Armed Bandits,North East,Simulated (patterned on media reports)
756,8/2/2024,Yobe,Nguru,Bandit Attack,0,40,Armed Bandits,North East,Simulated (patterned on media reports)
516,10/25/2024,Adamawa,Mubi North,Terror Attack,15,40,Boko Haram,North East,Simulated (patterned on media reports)
622,4/18/2024,Kano,Gwale,Kidnapping,120,16,Armed Bandits,North West,Simulated (patterned on media reports)
481,8/19/2021,Zamfara,Anka,Bandit Attack,68,3,Unknown Gunmen,North West,Simulated (patterned on media reports)
284,8/25/2021,Kebbi,Argungu,Bandit Attack,9,19,Boko Haram,North West,Simulated (patterned on media reports)
594,2/11/2024,Sokoto,Gwadabawa,Bandit Attack,32,38,Boko Haram,North West,Simulated (patterned on media reports)
226,9/28/2024,Anambra,Awka South,Kidnapping,34,2,Unknown Gunmen,South East,Simulated (patterned on media reports)
27,9/29/2022,Yobe,Potiskum,Bandit Attack,23,38,Armed Bandits,North East,Simulated (patterned on media reports)
705,7/10/2022,Kebbi,Jega,Bandit Attack,57,10,ISWAP,North West,Simulated (patterned on media reports)
438,7/20/2022,Plateau,Jos South,Kidnapping,58,19,Armed Bandits,North Central,Simulated (patterned on media reports)
853,12/30/2022,Katsina,Kankara,School Abduction,115,8,Armed Bandits,North West,Simulated (patterned on media reports)
365,12/22/2022,Kebbi,Birnin Kebbi,School Abduction,93,8,ISWAP,North West,Simulated (patterned on media reports)
230,9/30/2025,Sokoto,Wurno,Bandit Attack,74,7,Unknown Gunmen,North West,Simulated (patterned on media reports)
38,7/31/2024,Kano,Dawakin Tofa,Terror Attack,13,35,Boko Haram,North West,Simulated (patterned on media reports)
867,3/1/2021,Kogi,Lokoja,School Abduction,113,4,Boko Haram,North Central,Simulated (patterned on media reports)
375,9/20/2022,Nasarawa,Karu,Bandit Attack,80,4,Unknown Gunmen,North Central,Simulated (patterned on media reports)
470,3/23/2023,Sokoto,Illela,School Abduction,116,15,Boko Haram,North West,Simulated (patterned on media reports)
869,4/5/2024,Niger,Kontagora,Kidnapping,60,7,Armed Bandits,North Central,Simulated (patterned on media reports)
765,3/28/2025,Kano,Fagge,Kidnapping,62,14,Boko Haram,North West,Simulated (patterned on media reports)
657,8/23/2025,Katsina,Daura,School Abduction,26,5,ISWAP,North West,Simulated (patterned on media reports)
195,11/13/2021,Yobe,Geidam,School Abduction,146,12,Armed Bandits,North East,Simulated (patterned on media reports)
767,1/12/2021,Niger,Shiroro,Bandit Attack,70,10,Boko Haram,North Central,Simulated (patterned on media reports)
826,4/14/2020,Katsina,Funtua,Bandit Attack,30,14,ISWAP,North West,Simulated (patterned on media reports)
504,12/22/2023,Borno,Bama,Terror Attack,41,31,Unknown Gunmen,North East,Simulated (patterned on media reports)
871,5/26/2024,Kaduna,Igabi,Kidnapping,86,22,Armed Bandits,North West,Simulated (patterned on media reports)
865,3/12/2020,Adamawa,Ganye,Bandit Attack,52,27,Armed Bandits,North East,Simulated (patterned on media reports)
580,3/8/2022,Kebbi,Argungu,School Abduction,76,20,ISWAP,North West,Simulated (patterned on media reports)
870,3/4/2022,Borno,Monguno,Terror Attack,21,12,Unknown Gunmen,North East,Simulated (patterned on media reports)
163,7/1/2023,Niger,Shiroro,School Abduction,117,15,Boko Haram,North Central,Simulated (patterned on media reports)
636,6/17/2020,Nasarawa,Keffi,Bandit Attack,38,35,Unknown Gunmen,North Central,Simulated (patterned on media reports)
153,7/1/2021,Enugu,Oji River,Kidnapping,33,1,Criminal Syndicate,South East,Simulated (patterned on media reports)
617,8/31/2023,Plateau,Jos South,Terror Attack,44,40,Unknown Gunmen,North Central,Simulated (patterned on media reports)
635,3/29/2022,Kaduna,Kauru,School Abduction,129,23,Boko Haram,North West,Simulated (patterned on media reports)
681,2/21/2022,Zamfara,Bungudu,Bandit Attack,71,1,Armed Bandits,North West,Simulated (patterned on media reports)
112,8/5/2024,FCT,Bwari,Bandit Attack,66,21,ISWAP,North Central,Simulated (patterned on media reports)
227,11/3/2020,Borno,Monguno,Kidnapping,103,9,Unknown Gunmen,North East,Simulated (patterned on media reports)
623,4/27/2020,Kano,Dawakin Tofa,Terror Attack,43,19,ISWAP,North West,Simulated (patterned on media reports)
104,5/24/2024,Borno,Monguno,School Abduction,60,22,Armed Bandits,North East,Simulated (patterned on media reports)
422,11/3/2024,Imo,Owerri Municipal,Kidnapping,40,1,Criminal Syndicate,South East,Simulated (patterned on media reports)
420,8/18/2023,Kaduna,Kauru,Terror Attack,68,32,Boko Haram,North West,Simulated (patterned on media reports)
587,8/9/2020,Sokoto,Gwadabawa,School Abduction,99,18,Boko Haram,North West,Simulated (patterned on media reports)
120,10/19/2021,Yobe,Nguru,School Abduction,40,1,Armed Bandits,North East,Simulated (patterned on media reports)
54,6/23/2021,Kano,Nassarawa,Bandit Attack,26,21,Armed Bandits,North West,Simulated (patterned on media reports)
152,11/20/2025,Niger,Rafi,Terror Attack,55,21,Boko Haram,North Central,Simulated (patterned on media reports)
404,12/31/2021,Yobe,Machina,School Abduction,19,14,ISWAP,North East,Simulated (patterned on media reports)
848,1/24/2022,Yobe,Nguru,Terror Attack,46,18,Unknown Gunmen,North East,Simulated (patterned on media reports)
208,5/22/2022,Katsina,Daura,School Abduction,124,6,Armed Bandits,North West,Simulated (patterned on media reports)
759,5/6/2025,Katsina,Daura,Terror Attack,10,26,ISWAP,North West,Simulated (patterned on media reports)
854,12/11/2020,Benue,Makurdi,Bandit Attack,46,23,Unknown Gunmen,North Central,Simulated (patterned on media reports)
9,4/3/2020,Niger,Minna,Kidnapping,52,13,Unknown Gunmen,North Central,Simulated (patterned on media reports)
760,11/30/2022,Kwara,Offa,Bandit Attack,61,31,ISWAP,North Central,Simulated (patterned on media reports)
37,7/5/2025,Nasarawa,Lafia,Kidnapping,132,19,ISWAP,North Central,Simulated (patterned on media reports)
453,12/2/2023,Kogi,Ankpa,Kidnapping,98,5,Boko Haram,North Central,Simulated (patterned on media reports)
254,12/17/2021,Zamfara,Anka,Kidnapping,111,25,Unknown Gunmen,North West,Simulated (patterned on media reports)
304,9/29/2021,Zamfara,Gusau,Bandit Attack,43,26,Armed Bandits,North West,Simulated (patterned on media reports)
673,12/19/2024,Kwara,Patigi,Kidnapping,136,25,Boko Haram,North Central,Simulated (patterned on media reports)
572,2/24/2025,Yobe,Damaturu,Bandit Attack,3,7,Boko Haram,North East,Simulated (patterned on media reports)
624,2/14/2023,Enugu,Oji River,Kidnapping,26,4,Criminal Syndicate,South East,Simulated (patterned on media reports)
690,2/4/2024,Plateau,Bokkos,School Abduction,102,6,Unknown Gunmen,North Central,Simulated (patterned on media reports)
651,1/3/2021,Kano,Dawakin Tofa,School Abduction,146,3,Boko Haram,North West,Simulated (patterned on media reports)
263,8/19/2021,Katsina,Malumfashi,Terror Attack,33,5,ISWAP,North West,Simulated (patterned on media reports)
611,9/20/2021,Zamfara,Anka,Kidnapping,19,6,Unknown Gunmen,North West,Simulated (patterned on media reports)
298,2/22/2023,Benue,Gboko,Terror Attack,19,15,Armed Bandits,North Central,Simulated (patterned on media reports)
415,5/23/2022,Sokoto,Rabah,Terror Attack,64,7,Unknown Gunmen,North West,Simulated (patterned on media reports)
151,12/28/2023,Kaduna,Chikun,Kidnapping,91,8,Unknown Gunmen,North West,Simulated (patterned on media reports)
711,12/25/2020,Kano,Fagge,Terror Attack,28,30,Armed Bandits,North West,Simulated (patterned on media reports)
797,1/19/2025,Zamfara,Bungudu,School Abduction,132,8,Armed Bandits,North West,Simulated (patterned on media reports)
551,4/23/2024,Kwara,Ilorin South,Bandit Attack,28,30,Boko Haram,North Central,Simulated (patterned on media reports)
489,11/4/2025,Katsina,Funtua,Terror Attack,19,10,Boko Haram,North West,Simulated (patterned on media reports)
148,10/11/2023,Borno,Bama,Bandit Attack,14,5,ISWAP,North East,Simulated (patterned on media reports)
147,4/12/2023,Nasarawa,Nasarawa Eggon,Bandit Attack,20,6,Boko Haram,North Central,Simulated (patterned on media reports)
652,12/27/2023,Niger,Shiroro,School Abduction,34,10,Boko Haram,North Central,Simulated (patterned on media reports)
834,9/8/2022,FCT,Abuja Municipal,Kidnapping,26,23,Unknown Gunmen,North Central,Simulated (patterned on media reports)
667,1/9/2024,Kwara,Patigi,School Abduction,142,5,ISWAP,North Central,Simulated (patterned on media reports)
349,4/21/2021,Benue,Katsina-Ala,Kidnapping,67,11,Unknown Gunmen,North Central,Simulated (patterned on media reports)
464,9/27/2021,Sokoto,Gwadabawa,School Abduction,13,2,Unknown Gunmen,North West,Simulated (patterned on media reports)
326,7/10/2023,Nasarawa,Keffi,Kidnapping,129,10,Armed Bandits,North Central,Simulated (patterned on media reports)
187,2/25/2022,FCT,Abuja Municipal,School Abduction,137,6,ISWAP,North Central,Simulated (patterned on media reports)
124,5/9/2024,Kaduna,Chikun,School Abduction,80,15,Armed Bandits,North West,Simulated (patterned on media reports)
766,2/10/2025,Yobe,Damaturu,Kidnapping,122,17,Unknown Gunmen,North East,Simulated (patterned on media reports)
609,12/28/2022,Borno,Maiduguri,Bandit Attack,71,14,Unknown Gunmen,North East,Simulated (patterned on media reports)
144,11/25/2024,Kano,Tarauni,Terror Attack,66,8,ISWAP,North West,Simulated (patterned on media reports)
860,11/17/2023,Adamawa,Mubi North,Terror Attack,62,23,ISWAP,North East,Simulated (patterned on media reports)
198,9/6/2020,Katsina,Funtua,Kidnapping,130,1,Boko Haram,North West,Simulated (patterned on media reports)
610,9/23/2025,Kano,Dawakin Tofa,Kidnapping,16,19,Unknown Gunmen,North West,Simulated (patterned on media reports)
280,8/20/2021,Yobe,Machina,Terror Attack,31,22,Boko Haram,North East,Simulated (patterned on media reports)
294,8/17/2023,Adamawa,Numan,Bandit Attack,52,33,Armed Bandits,North East,Simulated (patterned on media reports)
401,6/28/2025,Nasarawa,Lafia,Bandit Attack,79,27,Boko Haram,North Central,Simulated (patterned on media reports)
123,8/15/2021,Nasarawa,Karu,School Abduction,68,15,Boko Haram,North Central,Simulated (patterned on media reports)
184,5/9/2024,Niger,Kontagora,School Abduction,41,6,Boko Haram,North Central,Simulated (patterned on media reports)
203,3/19/2022,Plateau,Langtang North,Terror Attack,72,6,Armed Bandits,North Central,Simulated (patterned on media reports)
439,2/15/2020,Katsina,Kankara,Kidnapping,37,5,Armed Bandits,North West,Simulated (patterned on media reports)
247,11/6/2021,Zamfara,Gusau,Terror Attack,61,8,Boko Haram,North West,Simulated (patterned on media reports)
416,9/16/2023,Kebbi,Zuru,Terror Attack,51,2,Unknown Gunmen,North West,Simulated (patterned on media reports)
796,11/16/2024,FCT,Abaji,Bandit Attack,11,0,ISWAP,North Central,Simulated (patterned on media reports)
130,5/5/2022,Adamawa,Yola North,Terror Attack,36,25,Unknown Gunmen,North East,Simulated (patterned on media reports)
638,2/14/2021,Adamawa,Mubi North,Bandit Attack,78,36,Unknown Gunmen,North East,Simulated (patterned on media reports)
403,1/3/2023,Kano,Dawakin Tofa,School Abduction,8,2,Boko Haram,North West,Simulated (patterned on media reports)
707,6/11/2020,Plateau,Jos North,Bandit Attack,75,5,Armed Bandits,North Central,Simulated (patterned on media reports)
695,2/3/2025,Abia,Ohafia,Kidnapping,26,2,Unknown Gunmen,South East,Simulated (patterned on media reports)
818,7/30/2024,Adamawa,Yola North,Terror Attack,60,18,Unknown Gunmen,North East,Simulated (patterned on media reports)
220,3/25/2023,Kaduna,Chikun,Terror Attack,47,14,Armed Bandits,North West,Simulated (patterned on media reports)
642,7/15/2022,Sokoto,Illela,Bandit Attack,76,30,ISWAP,North West,Simulated (patterned on media reports)
820,5/27/2021,Kano,Nassarawa,School Abduction,23,1,Unknown Gunmen,North West,Simulated (patterned on media reports)
678,3/10/2021,Katsina,Dutsin-Ma,Bandit Attack,13,33,Armed Bandits,North West,Simulated (patterned on media reports)
823,3/12/2024,Benue,Gboko,Bandit Attack,76,9,ISWAP,North Central,Simulated (patterned on media reports)
625,2/10/2022,Kaduna,Zaria,Bandit Attack,44,3,Armed Bandits,North West,Simulated (patterned on media reports)
754,9/24/2024,FCT,Abuja Municipal,School Abduction,43,0,ISWAP,North Central,Simulated (patterned on media reports)
686,1/1/2024,Kebbi,Birnin Kebbi,Bandit Attack,74,18,Boko Haram,North West,Simulated (patterned on media reports)
387,7/23/2020,Kano,Gwale,School Abduction,12,13,Boko Haram,North West,Simulated (patterned on media reports)
873,9/5/2024,Kaduna,Kauru,Kidnapping,74,7,ISWAP,North West,Simulated (patterned on media reports)
510,10/31/2025,Sokoto,Gwadabawa,Bandit Attack,28,22,ISWAP,North West,Simulated (patterned on media reports)
268,10/2/2020,Yobe,Machina,Terror Attack,69,0,Boko Haram,North East,Simulated (patterned on media reports)
755,12/16/2023,Zamfara,Gusau,Bandit Attack,9,10,Unknown Gunmen,North West,Simulated (patterned on media reports)
442,4/25/2024,Adamawa,Mubi North,Terror Attack,77,15,Boko Haram,North East,Simulated (patterned on media reports)
497,5/10/2022,Adamawa,Numan,Bandit Attack,57,36,ISWAP,North East,Simulated (patterned on media reports)
113,5/25/2020,Sokoto,Rabah,Kidnapping,82,9,Boko Haram,North West,Simulated (patterned on media reports)
233,9/1/2023,Kogi,Ankpa,School Abduction,77,1,ISWAP,North Central,Simulated (patterned on media reports)
781,12/20/2021,Kogi,Anyigba,Bandit Attack,22,8,Boko Haram,North Central,Simulated (patterned on media reports)
608,7/5/2025,Anambra,Ekwusigo,Kidnapping,9,1,Unknown Gunmen,South East,Simulated (patterned on media reports)
672,6/11/2025,Adamawa,Numan,School Abduction,129,5,ISWAP,North East,Simulated (patterned on media reports)
374,12/17/2022,Zamfara,Shinkafi,Kidnapping,147,0,Armed Bandits,North West,Simulated (patterned on media reports)
882,12/22/2022,Imo,Owerri Municipal,Kidnapping,25,2,Criminal Syndicate,South East,Simulated (patterned on media reports)
758,2/12/2023,Benue,Oju,School Abduction,48,12,Unknown Gunmen,North Central,Simulated (patterned on media reports)
234,8/22/2023,Imo,Ideato North,Kidnapping,13,1,Criminal Syndicate,South East,Simulated (patterned on media reports)
708,6/23/2021,Kano,Tarauni,Bandit Attack,65,34,ISWAP,North West,Simulated (patterned on media reports)
677,2/1/2020,Adamawa,Mubi North,School Abduction,17,12,Unknown Gunmen,North East,Simulated (patterned on media reports)
318,7/16/2022,Borno,Dikwa,Terror Attack,52,20,Unknown Gunmen,North East,Simulated (patterned on media reports)
649,6/19/2021,Kogi,Okene,Bandit Attack,71,5,Boko Haram,North Central,Simulated (patterned on media reports)
411,11/15/2022,Adamawa,Mubi North,Terror Attack,65,28,ISWAP,North East,Simulated (patterned on media reports)
874,8/31/2024,Kogi,Okene,Terror Attack,3,15,ISWAP,North Central,Simulated (patterned on media reports)
359,11/19/2021,Adamawa,Michika,Kidnapping,78,13,Unknown Gunmen,North East,Simulated (patterned on media reports)
259,8/9/2024,Zamfara,Gusau,School Abduction,54,13,Boko Haram,North West,Simulated (patterned on media reports)
628,2/8/2020,Plateau,Mangu,Kidnapping,121,22,Armed Bandits,North Central,Simulated (patterned on media reports)
633,2/24/2023,FCT,Gwagwalada,School Abduction,128,13,ISWAP,North Central,Simulated (patterned on media reports)
283,9/14/2021,Yobe,Damaturu,Terror Attack,48,7,Boko Haram,North East,Simulated (patterned on media reports)
377,12/2/2020,Nasarawa,Karu,Bandit Attack,63,39,ISWAP,North Central,Simulated (patterned on media reports)
385,3/17/2025,Kogi,Anyigba,Kidnapping,25,24,ISWAP,North Central,Simulated (patterned on media reports)
225,1/20/2020,Kaduna,Igabi,Terror Attack,38,30,Boko Haram,North West,Simulated (patterned on media reports)
855,7/6/2024,Zamfara,Bungudu,Kidnapping,95,22,Boko Haram,North West,Simulated (patterned on media reports)
737,1/9/2024,Katsina,Funtua,School Abduction,80,20,ISWAP,North West,Simulated (patterned on media reports)
473,1/26/2024,Borno,Bama,Terror Attack,22,38,Boko Haram,North East,Simulated (patterned on media reports)
348,3/23/2025,Yobe,Geidam,School Abduction,79,24,Boko Haram,North East,Simulated (patterned on media reports)
506,3/10/2023,Sokoto,Rabah,Bandit Attack,56,34,Unknown Gunmen,North West,Simulated (patterned on media reports)
640,2/18/2020,Sokoto,Gwadabawa,School Abduction,68,8,Boko Haram,North West,Simulated (patterned on media reports)
888,4/28/2022,Niger,Kontagora,School Abduction,86,10,Unknown Gunmen,North Central,Simulated (patterned on media reports)
850,8/12/2024,Kaduna,Kauru,School Abduction,59,20,Unknown Gunmen,North West,Simulated (patterned on media reports)
811,5/7/2021,Katsina,Malumfashi,Kidnapping,58,10,Unknown Gunmen,North West,Simulated (patterned on media reports)
620,8/24/2021,Nasarawa,Nasarawa Eggon,School Abduction,54,24,Boko Haram,North Central,Simulated (patterned on media reports)
768,3/15/2022,Borno,Bama,Bandit Attack,7,27,Boko Haram,North East,Simulated (patterned on media reports)
646,1/2/2020,Abia,Aba South,Kidnapping,35,2,Criminal Syndicate,South East,Simulated (patterned on media reports)
761,4/10/2024,Katsina,Daura,Bandit Attack,62,20,Unknown Gunmen,North West,Simulated (patterned on media reports)
557,8/25/2021,Borno,Dikwa,Bandit Attack,48,22,Unknown Gunmen,North East,Simulated (patterned on media reports)
859,5/24/2023,Benue,Makurdi,Bandit Attack,8,8,ISWAP,North Central,Simulated (patterned on media reports)
578,6/12/2023,FCT,Kuje,Terror Attack,65,20,Boko Haram,North Central,Simulated (patterned on media reports)
86,1/31/2024,Imo,Mbaitoli,Kidnapping,24,4,Unknown Gunmen,South East,Simulated (patterned on media reports)
243,7/9/2020,Borno,Dikwa,School Abduction,132,3,Armed Bandits,North East,Simulated (patterned on media reports)
699,3/14/2020,Katsina,Funtua,Kidnapping,73,3,ISWAP,North West,Simulated (patterned on media reports)
160,2/14/2025,Kogi,Anyigba,Kidnapping,48,25,Boko Haram,North Central,Simulated (patterned on media reports)
525,12/16/2025,Yobe,Damaturu,School Abduction,95,13,Armed Bandits,North East,Simulated (patterned on media reports)
36,8/1/2023,Nasarawa,Nasarawa Eggon,Kidnapping,126,21,Boko Haram,North Central,Simulated (patterned on media reports)
541,2/16/2020,Kwara,Ilorin West,Terror Attack,14,30,Boko Haram,North Central,Simulated (patterned on media reports)
171,3/21/2022,Benue,Gboko,Bandit Attack,55,40,Boko Haram,North Central,Simulated (patterned on media reports)
655,10/3/2025,Borno,Gwoza,Bandit Attack,36,31,Unknown Gunmen,North East,Simulated (patterned on media reports)
878,4/21/2024,Kano,Tarauni,Bandit Attack,21,20,ISWAP,North West,Simulated (patterned on media reports)
762,8/13/2022,Kano,Nassarawa,Bandit Attack,25,1,Boko Haram,North West,Simulated (patterned on media reports)
847,1/1/2023,Zamfara,Anka,School Abduction,98,20,Unknown Gunmen,North West,Simulated (patterned on media reports)
734,11/6/2021,Yobe,Nguru,School Abduction,21,17,Unknown Gunmen,North East,Simulated (patterned on media reports)
96,10/27/2024,Yobe,Nguru,School Abduction,126,6,ISWAP,North East,Simulated (patterned on media reports)
564,1/26/2021,Kaduna,Zaria,Terror Attack,31,14,Armed Bandits,North West,Simulated (patterned on media reports)
241,6/24/2021,FCT,Bwari,Kidnapping,55,1,ISWAP,North Central,Simulated (patterned on media reports)
575,12/12/2024,Kaduna,Birnin Gwari,Bandit Attack,9,15,ISWAP,North West,Simulated (patterned on media reports)
691,11/12/2020,Katsina,Funtua,Terror Attack,56,18,ISWAP,North West,Simulated (patterned on media reports)
461,8/11/2020,Kebbi,Jega,Bandit Attack,6,13,ISWAP,North West,Simulated (patterned on media reports)
554,6/5/2022,Benue,Katsina-Ala,Terror Attack,43,21,Armed Bandits,North Central,Simulated (patterned on media reports)
787,9/25/2025,Benue,Gboko,Bandit Attack,8,40,ISWAP,North Central,Simulated (patterned on media reports)
207,6/11/2023,Adamawa,Mubi North,Terror Attack,6,33,Unknown Gunmen,North East,Simulated (patterned on media reports)
393,2/5/2023,Abia,Arochukwu,Kidnapping,16,2,Unknown Gunmen,South East,Simulated (patterned on media reports)
398,9/20/2022,Kogi,Lokoja,School Abduction,76,22,ISWAP,North Central,Simulated (patterned on media reports)
763,8/18/2023,Anambra,Awka South,Kidnapping,22,2,Criminal Syndicate,South East,Simulated (patterned on media reports)
218,3/26/2022,Yobe,Nguru,School Abduction,56,12,ISWAP,North East,Simulated (patterned on media reports)
5,12/17/2023,Kogi,Lokoja,Terror Attack,40,5,ISWAP,North Central,Simulated (patterned on media reports)
643,4/19/2020,Kano,Nassarawa,Terror Attack,2,39,Boko Haram,North West,Simulated (patterned on media reports)
805,12/7/2022,Imo,Owerri Municipal,Kidnapping,41,1,Unknown Gunmen,South East,Simulated (patterned on media reports)
613,1/8/2020,Katsina,Malumfashi,Bandit Attack,30,27,Unknown Gunmen,North West,Simulated (patterned on media reports)
739,9/12/2022,Abia,Umuahia North,Kidnapping,6,4,Criminal Syndicate,South East,Simulated (patterned on media reports)
547,4/14/2025,Borno,Maiduguri,School Abduction,47,17,ISWAP,North East,Simulated (patterned on media reports)
726,1/6/2025,Yobe,Damaturu,Bandit Attack,49,33,Boko Haram,North East,Simulated (patterned on media reports)
684,3/16/2023,Zamfara,Gusau,Terror Attack,27,30,Unknown Gunmen,North West,Simulated (patterned on media reports)
99,8/9/2020,Nasarawa,Lafia,Kidnapping,100,10,Boko Haram,North Central,Simulated (patterned on media reports)
728,1/18/2021,Plateau,Jos North,Kidnapping,46,3,Armed Bandits,North Central,Simulated (patterned on media reports)
574,6/28/2021,Enugu,Udi,Kidnapping,23,3,Criminal Syndicate,South East,Simulated (patterned on media reports)
407,7/7/2022,Zamfara,Anka,Bandit Attack,6,8,Unknown Gunmen,North West,Simulated (patterned on media reports)
503,3/6/2025,Plateau,Langtang North,Terror Attack,42,22,Boko Haram,North Central,Simulated (patterned on media reports)
48,4/27/2021,Kwara,Ilorin West,Kidnapping,64,23,Boko Haram,North Central,Simulated (patterned on media reports)
33,2/10/2022,FCT,Gwagwalada,Terror Attack,55,2,Unknown Gunmen,North Central,Simulated (patterned on media reports)
201,10/17/2025,Katsina,Dutsin-Ma,Bandit Attack,65,16,Boko Haram,North West,Simulated (patterned on media reports)
135,6/5/2020,Kaduna,Zaria,Terror Attack,70,12,ISWAP,North West,Simulated (patterned on media reports)
28,11/12/2020,Sokoto,Gwadabawa,Bandit Attack,5,39,Unknown Gunmen,North West,Simulated (patterned on media reports)
789,11/27/2024,Nasarawa,Nasarawa Eggon,Kidnapping,119,19,Boko Haram,North Central,Simulated (patterned on media reports)
231,2/2/2023,FCT,Bwari,Kidnapping,132,25,Boko Haram,North Central,Simulated (patterned on media reports)
490,5/25/2022,Katsina,Daura,Bandit Attack,50,14,Boko Haram,North West,Simulated (patterned on media reports)
379,4/4/2025,Kwara,Offa,School Abduction,82,23,Boko Haram,North Central,Simulated (patterned on media reports)
289,3/23/2021,Kano,Nassarawa,Bandit Attack,54,36,Unknown Gunmen,North West,Simulated (patterned on media reports)
419,2/6/2025,Kogi,Okene,Bandit Attack,42,25,Armed Bandits,North Central,Simulated (patterned on media reports)
675,6/24/2025,Zamfara,Anka,Kidnapping,60,6,ISWAP,North West,Simulated (patterned on media reports)
392,3/8/2022,Kaduna,Kauru,Bandit Attack,57,25,Boko Haram,North West,Simulated (patterned on media reports)
593,1/11/2021,Kwara,Offa,Bandit Attack,45,31,ISWAP,North Central,Simulated (patterned on media reports)
499,9/23/2021,Adamawa,Mubi North,Terror Attack,12,12,ISWAP,North East,Simulated (patterned on media reports)
139,8/1/2022,Niger,Suleja,Bandit Attack,8,35,Unknown Gunmen,North Central,Simulated (patterned on media reports)
63,11/1/2024,Yobe,Geidam,Terror Attack,21,34,Armed Bandits,North East,Simulated (patterned on media reports)
472,11/26/2022,Plateau,Mangu,Bandit Attack,47,11,Boko Haram,North Central,Simulated (patterned on media reports)
648,1/21/2021,Kwara,Patigi,Bandit Attack,56,2,ISWAP,North Central,Simulated (patterned on media reports)
129,1/25/2021,Enugu,Oji River,Kidnapping,44,4,Criminal Syndicate,South East,Simulated (patterned on media reports)
877,7/9/2024,Sokoto,Rabah,Kidnapping,122,11,Unknown Gunmen,North West,Simulated (patterned on media reports)
521,4/2/2021,Sokoto,Isa,School Abduction,50,18,Unknown Gunmen,North West,Simulated (patterned on media reports)
65,3/19/2021,FCT,Abaji,Terror Attack,53,39,Boko Haram,North Central,Simulated (patterned on media reports)
15,6/20/2020,Zamfara,Shinkafi,Terror Attack,68,34,ISWAP,North West,Simulated (patterned on media reports)
157,6/13/2021,Kano,Fagge,School Abduction,89,22,ISWAP,North West,Simulated (patterned on media reports)
41,6/8/2021,Benue,Oju,Bandit Attack,69,37,ISWAP,North Central,Simulated (patterned on media reports)
493,6/13/2020,Borno,Gwoza,School Abduction,78,9,Unknown Gunmen,North East,Simulated (patterned on media reports)
380,7/13/2024,FCT,Bwari,Bandit Attack,35,5,Boko Haram,North Central,Simulated (patterned on media reports)
188,6/23/2024,Zamfara,Shinkafi,Kidnapping,120,12,Boko Haram,North West,Simulated (patterned on media reports)
764,7/4/2025,Sokoto,Rabah,Terror Attack,62,1,Armed Bandits,North West,Simulated (patterned on media reports)
217,2/17/2021,Nasarawa,Karu,School Abduction,44,19,Unknown Gunmen,North Central,Simulated (patterned on media reports)
792,5/31/2025,Adamawa,Ganye,Kidnapping,9,20,Unknown Gunmen,North East,Simulated (patterned on media reports)
53,2/11/2024,Adamawa,Numan,School Abduction,149,10,Unknown Gunmen,North East,Simulated (patterned on media reports)
338,10/4/2020,Zamfara,Gusau,School Abduction,20,20,Unknown Gunmen,North West,Simulated (patterned on media reports)
749,11/1/2025,Katsina,Malumfashi,Kidnapping,99,4,Unknown Gunmen,North West,Simulated (patterned on media reports)
720,12/25/2021,FCT,Abuja Municipal,Kidnapping,133,15,Unknown Gunmen,North Central,Simulated (patterned on media reports)
725,11/7/2022,Sokoto,Isa,Kidnapping,89,3,Unknown Gunmen,North West,Simulated (patterned on media reports)
296,3/10/2021,Sokoto,Isa,Bandit Attack,18,7,ISWAP,North West,Simulated (patterned on media reports)
702,8/4/2023,Adamawa,Ganye,Terror Attack,24,9,ISWAP,North East,Simulated (patterned on media reports)
252,3/24/2020,Plateau,Mangu,Kidnapping,94,3,Unknown Gunmen,North Central,Simulated (patterned on media reports)
727,3/21/2020,Niger,Suleja,School Abduction,10,0,Boko Haram,North Central,Simulated (patterned on media reports)
462,9/16/2025,Niger,Minna,Terror Attack,24,2,ISWAP,North Central,Simulated (patterned on media reports)
456,8/19/2022,Sokoto,Wurno,Terror Attack,41,11,Unknown Gunmen,North West,Simulated (patterned on media reports)
897,3/17/2024,Borno,Maiduguri,Terror Attack,69,17,Armed Bandits,North East,Simulated (patterned on media reports)
270,8/1/2021,Sokoto,Rabah,Bandit Attack,72,40,Unknown Gunmen,North West,Simulated (patterned on media reports)
202,7/21/2025,Borno,Bama,Bandit Attack,38,9,Armed Bandits,North East,Simulated (patterned on media reports)
162,2/28/2020,Yobe,Nguru,Bandit Attack,47,28,Armed Bandits,North East,Simulated (patterned on media reports)
556,10/16/2021,Adamawa,Michika,Bandit Attack,72,1,Armed Bandits,North East,Simulated (patterned on media reports)
730,11/2/2024,Kano,Fagge,School Abduction,104,24,Boko Haram,North West,Simulated (patterned on media reports)
402,12/4/2021,Nasarawa,Keffi,School Abduction,104,15,Unknown Gunmen,North Central,Simulated (patterned on media reports)
703,8/20/2023,Zamfara,Anka,Bandit Attack,67,16,Boko Haram,North West,Simulated (patterned on media reports)
477,7/30/2025,Yobe,Machina,Kidnapping,41,15,Unknown Gunmen,North East,Simulated (patterned on media reports)
772,6/10/2024,Zamfara,Gusau,Kidnapping,77,7,ISWAP,North West,Simulated (patterned on media reports)
106,8/20/2021,Yobe,Nguru,Bandit Attack,56,10,ISWAP,North East,Simulated (patterned on media reports)
566,3/22/2024,Katsina,Dutsin-Ma,Terror Attack,58,30,Armed Bandits,North West,Simulated (patterned on media reports)
390,11/2/2025,Borno,Bama,School Abduction,127,13,Armed Bandits,North East,Simulated (patterned on media reports)
2,7/13/2021,Kaduna,Zaria,School Abduction,84,3,Armed Bandits,North West,Simulated (patterned on media reports)
840,9/4/2020,Sokoto,Illela,Terror Attack,45,3,ISWAP,North West,Simulated (patterned on media reports)
562,6/19/2020,Kogi,Idah,Terror Attack,5,3,Armed Bandits,North Central,Simulated (patterned on media reports)
81,5/11/2021,Zamfara,Talata Mafara,Kidnapping,66,17,Unknown Gunmen,North West,Simulated (patterned on media reports)
206,1/28/2021,Adamawa,Ganye,Kidnapping,71,0,Armed Bandits,North East,Simulated (patterned on media reports)
35,3/21/2024,Sokoto,Isa,Bandit Attack,28,21,Unknown Gunmen,North West,Simulated (patterned on media reports)
776,7/29/2023,Borno,Maiduguri,Kidnapping,34,4,Boko Haram,North East,Simulated (patterned on media reports)
509,3/5/2021,FCT,Gwagwalada,Terror Attack,7,39,ISWAP,North Central,Simulated (patterned on media reports)
428,3/5/2024,Sokoto,Gwadabawa,School Abduction,85,25,Boko Haram,North West,Simulated (patterned on media reports)
455,1/5/2022,Adamawa,Numan,School Abduction,36,9,Unknown Gunmen,North East,Simulated (patterned on media reports)
367,1/4/2025,Zamfara,Bungudu,Kidnapping,78,20,Boko Haram,North West,Simulated (patterned on media reports)
92,8/25/2024,Abia,Isiala Ngwa South,Kidnapping,23,0,Unknown Gunmen,South East,Simulated (patterned on media reports)
340,6/29/2024,Plateau,Mangu,Kidnapping,118,12,Boko Haram,North Central,Simulated (patterned on media reports)
565,2/6/2025,FCT,Gwagwalada,School Abduction,24,16,Boko Haram,North Central,Simulated (patterned on media reports)
346,6/16/2025,Yobe,Potiskum,Terror Attack,23,23,Boko Haram,North East,Simulated (patterned on media reports)
777,5/14/2024,Nasarawa,Karu,Kidnapping,55,0,Unknown Gunmen,North Central,Simulated (patterned on media reports)
242,6/7/2022,Kebbi,Yauri,Bandit Attack,22,19,ISWAP,North West,Simulated (patterned on media reports)
14,8/10/2024,Kebbi,Yauri,Kidnapping,54,23,ISWAP,North West,Simulated (patterned on media reports)
316,2/13/2024,FCT,Gwagwalada,School Abduction,29,15,ISWAP,North Central,Simulated (patterned on media reports)
601,7/11/2020,Adamawa,Numan,School Abduction,84,17,Unknown Gunmen,North East,Simulated (patterned on media reports)
388,2/23/2022,Anambra,Nnewi North,Kidnapping,18,1,Unknown Gunmen,South East,Simulated (patterned on media reports)
274,3/1/2020,Adamawa,Yola North,School Abduction,132,17,Unknown Gunmen,North East,Simulated (patterned on media reports)
167,5/6/2022,Anambra,Onitsha North,Kidnapping,45,2,Unknown Gunmen,South East,Simulated (patterned on media reports)
841,10/12/2021,Katsina,Malumfashi,Kidnapping,123,12,Unknown Gunmen,North West,Simulated (patterned on media reports)
893,5/23/2022,Yobe,Nguru,Bandit Attack,69,17,Armed Bandits,North East,Simulated (patterned on media reports)
647,5/25/2021,FCT,Abaji,Kidnapping,19,15,ISWAP,North Central,Simulated (patterned on media reports)
819,6/20/2020,Abia,Arochukwu,Kidnapping,33,3,Unknown Gunmen,South East,Simulated (patterned on media reports)
485,1/23/2025,Adamawa,Yola North,Terror Attack,12,5,Unknown Gunmen,North East,Simulated (patterned on media reports)
881,6/2/2022,Katsina,Kankara,School Abduction,121,6,Armed Bandits,North West,Simulated (patterned on media reports)
505,11/12/2020,Kebbi,Jega,Kidnapping,18,14,Armed Bandits,North West,Simulated (patterned on media reports)
832,12/18/2021,Benue,Gboko,Kidnapping,106,22,Armed Bandits,North Central,Simulated (patterned on media reports)
244,10/2/2020,Benue,Katsina-Ala,School Abduction,64,4,Boko Haram,North Central,Simulated (patterned on media reports)
567,8/8/2022,Benue,Oju,Bandit Attack,53,20,Armed Bandits,North Central,Simulated (patterned on media reports)
563,8/22/2020,Adamawa,Michika,Bandit Attack,53,3,ISWAP,North East,Simulated (patterned on media reports)
687,7/19/2021,Kaduna,Birnin Gwari,Bandit Attack,31,19,Boko Haram,North West,Simulated (patterned on media reports)
190,8/13/2024,Benue,Katsina-Ala,Terror Attack,69,12,ISWAP,North Central,Simulated (patterned on media reports)
783,1/21/2023,Benue,Otukpo,Terror Attack,77,5,Boko Haram,North Central,Simulated (patterned on media reports)
700,4/16/2021,Katsina,Dutsin-Ma,Bandit Attack,55,16,Boko Haram,North West,Simulated (patterned on media reports)
476,9/28/2024,Nasarawa,Akwanga,Bandit Attack,15,11,Armed Bandits,North Central,Simulated (patterned on media reports)
682,10/26/2022,Kebbi,Zuru,Kidnapping,141,9,ISWAP,North West,Simulated (patterned on media reports)
511,6/9/2023,Adamawa,Mubi North,Bandit Attack,11,34,ISWAP,North East,Simulated (patterned on media reports)
59,8/31/2023,Katsina,Daura,Bandit Attack,9,20,ISWAP,North West,Simulated (patterned on media reports)
475,3/3/2020,Imo,Okigwe,Kidnapping,33,3,Criminal Syndicate,South East,Simulated (patterned on media reports)
561,1/3/2023,Kebbi,Argungu,Terror Attack,61,20,Armed Bandits,North West,Simulated (patterned on media reports)
857,2/1/2025,Kaduna,Chikun,Bandit Attack,26,32,Boko Haram,North West,Simulated (patterned on media reports)
748,7/6/2022,Katsina,Daura,Bandit Attack,17,29,ISWAP,North West,Simulated (patterned on media reports)
253,11/14/2021,Kogi,Ankpa,Kidnapping,106,20,ISWAP,North Central,Simulated (patterned on media reports)
22,10/1/2023,Borno,Dikwa,School Abduction,50,15,Boko Haram,North East,Simulated (patterned on media reports)
314,7/7/2023,Imo,Okigwe,Kidnapping,24,4,Unknown Gunmen,South East,Simulated (patterned on media reports)
460,11/21/2024,FCT,Gwagwalada,Bandit Attack,26,14,Unknown Gunmen,North Central,Simulated (patterned on media reports)
161,6/25/2024,Adamawa,Ganye,Terror Attack,44,39,ISWAP,North East,Simulated (patterned on media reports)
277,9/6/2021,Imo,Okigwe,Kidnapping,32,2,Criminal Syndicate,South East,Simulated (patterned on media reports)
192,11/15/2021,Borno,Maiduguri,School Abduction,43,14,Unknown Gunmen,North East,Simulated (patterned on media reports)
386,8/31/2021,Kebbi,Birnin Kebbi,Bandit Attack,59,7,Unknown Gunmen,North West,Simulated (patterned on media reports)
806,7/18/2020,Yobe,Geidam,School Abduction,91,7,Armed Bandits,North East,Simulated (patterned on media reports)
414,5/19/2022,Kano,Fagge,Kidnapping,124,16,Boko Haram,North West,Simulated (patterned on media reports)
492,12/28/2021,Kano,Tarauni,Terror Attack,50,24,Boko Haram,North West,Simulated (patterned on media reports)
344,1/28/2020,Kebbi,Birnin Kebbi,School Abduction,108,19,Boko Haram,North West,Simulated (patterned on media reports)
770,2/16/2020,Kwara,Omu-Aran,Kidnapping,124,9,Armed Bandits,North Central,Simulated (patterned on media reports)
309,3/26/2025,FCT,Gwagwalada,Bandit Attack,27,14,Armed Bandits,North Central,Simulated (patterned on media reports)
662,7/23/2022,Yobe,Machina,School Abduction,110,4,Unknown Gunmen,North East,Simulated (patterned on media reports)
131,11/17/2022,Yobe,Potiskum,Terror Attack,43,39,Armed Bandits,North East,Simulated (patterned on media reports)
664,10/17/2022,Nasarawa,Nasarawa Eggon,School Abduction,34,10,Unknown Gunmen,North Central,Simulated (patterned on media reports)
872,8/21/2023,Katsina,Malumfashi,Kidnapping,64,23,ISWAP,North West,Simulated (patterned on media reports)
100,9/5/2025,Kebbi,Yauri,Bandit Attack,19,1,ISWAP,North West,Simulated (patterned on media reports)
373,9/6/2021,Yobe,Potiskum,School Abduction,76,12,Unknown Gunmen,North East,Simulated (patterned on media reports)
88,10/24/2023,Yobe,Damaturu,Terror Attack,69,9,Boko Haram,North East,Simulated (patterned on media reports)
459,1/24/2024,Abia,Ohafia,Kidnapping,44,1,Criminal Syndicate,South East,Simulated (patterned on media reports)
331,4/1/2021,Zamfara,Anka,Terror Attack,76,33,Boko Haram,North West,Simulated (patterned on media reports)
215,7/20/2024,Zamfara,Anka,Bandit Attack,51,11,Boko Haram,North West,Simulated (patterned on media reports)
467,7/24/2022,Adamawa,Mubi North,Kidnapping,108,9,Unknown Gunmen,North East,Simulated (patterned on media reports)
122,4/22/2025,Borno,Bama,Terror Attack,80,37,Unknown Gunmen,North East,Simulated (patterned on media reports)
615,9/15/2023,Kwara,Ilorin West,Kidnapping,89,9,Armed Bandits,North Central,Simulated (patterned on media reports)
21,6/23/2022,Borno,Monguno,Bandit Attack,54,19,Unknown Gunmen,North East,Simulated (patterned on media reports)
701,5/2/2025,Kebbi,Yauri,Kidnapping,43,14,Armed Bandits,North West,Simulated (patterned on media reports)
72,7/25/2025,Sokoto,Isa,School Abduction,125,15,Boko Haram,North West,Simulated (patterned on media reports)
107,10/15/2021,Kaduna,Igabi,Kidnapping,60,16,Unknown Gunmen,North West,Simulated (patterned on media reports)
271,4/13/2022,Benue,Oju,Kidnapping,15,3,Armed Bandits,North Central,Simulated (patterned on media reports)
861,4/18/2020,Plateau,Jos North,Bandit Attack,32,13,ISWAP,North Central,Simulated (patterned on media reports)
436,9/12/2025,Kaduna,Birnin Gwari,Bandit Attack,7,11,Boko Haram,North West,Simulated (patterned on media reports)
103,3/19/2023,FCT,Abuja Municipal,Kidnapping,26,13,Unknown Gunmen,North Central,Simulated (patterned on media reports)
